id,doctorId,farmerId,cattleId,PrescriptionId,status,description,appointmentDate,appointmentStartTime,photos,createdAt,updatedAt
58,1,50,65,,waiting,Hi this is critical,2021-03-18 00:00:00+00,11:25 pm,{https://res.cloudinary.com/your-highness/image/upload/v1616090182/epykxghhygqg2v4tab1g.jpg},2021-03-18 17:56:22.729+00,2021-03-18 17:56:22.738+00
81,2,144,188,,waiting,Milk fever,2021-04-02 00:00:00+00,07:54 pm,{https://res.cloudinary.com/your-highness/image/upload/v1617373446/xwgx7b3x9tf2runad9be.jpg},2021-04-02 14:24:07.561+00,2021-04-02 14:24:07.563+00
80,2,224,267,16,finished,"Ganga is very sick, it is not able to stand ",2021-03-29 00:00:00+00,05:06 pm,{https://res.cloudinary.com/your-highness/image/upload/v1617017801/oe1jano0e1xsvos6tupu.jpg},2021-03-29 11:36:41.944+00,2021-03-29 11:44:09.98+00
74,2,162,213,,waiting,Cow suffering with fewer,2021-03-23 00:00:00+00,06:09 pm,"{https://res.cloudinary.com/your-highness/image/upload/v1616503193/Zsx19a89dXVr69LSzChc4Pzd.jpg,https://res.cloudinary.com/your-highness/image/upload/v1616503193/yQTo-AoT4nvpGuRqAcbRj0wa.jpg}",2021-03-23 12:39:53.434+00,2021-03-23 12:39:53.434+00
62,2,50,64,13,finished,This is serious ,2021-03-18 00:00:00+00,11:27 pm,{https://res.cloudinary.com/your-highness/image/upload/v1616090322/mbdf0lll1g9naonceqyv.jpg},2021-03-18 17:58:42.562+00,2021-03-18 18:12:03.09+00
35,2,29,32,,waiting,Rtyutdfn lppoijb,2021-03-05 00:00:00+00,11:24 pm,{http://res.cloudinary.com/your-highness/image/upload/v1614967042/sj3myufiu7xahuu3x7mc.jpg},2021-03-05 17:57:23.05+00,2021-03-05 17:57:23.05+00
117,11,376,389,,waiting,‡∞Ü‡∞µ‡±Å ‡∞´‡±Å‡∞°‡±ç ‡∞§‡∞ø‡∞®‡∞ü‡±ç‡∞≤‡±á‡∞¶‡±Å ‡∞é‡∞Ç‡∞¶‡±Å‡∞µ‡∞≤‡∞®,2021-04-28 00:00:00+00,11:35 am,{https://res.cloudinary.com/your-highness/image/upload/v1619589942/gv2hjdbtejjreee9vmzb.jpg},2021-04-28 06:05:42.97+00,2021-04-28 06:05:42.97+00
67,1,50,64,,waiting,Oydohd. U can ufpf,2021-03-18 00:00:00+00,11:55 pm,{https://res.cloudinary.com/your-highness/image/upload/v1616091919/llovk2demlo1qezmf1nd.jpg},2021-03-18 18:25:21.288+00,2021-03-18 18:25:21.288+00
69,1,37,84,,waiting,Potta hubinadhi,2021-03-20 00:00:00+00,10:50 pm,{https://res.cloudinary.com/your-highness/image/upload/v1616260853/vqyntravbhmv7aydwmez.jpg},2021-03-20 17:20:54.248+00,2021-03-20 17:20:54.249+00
78,2,22,21,,waiting,Cattle is sick ,2021-03-27 00:00:00+00,10:28 am,{https://res.cloudinary.com/your-highness/image/upload/v1616821091/t4h5a4ufbzb4h9afx8yo.jpg},2021-03-27 04:58:12.344+00,2021-03-27 04:58:12.344+00
15,1,1,2,,waiting,Checking Description,2021-03-02 00:00:00+00,12:00,{http://res.cloudinary.com/your-highness/image/upload/v1614717721/kyqiaqg2uhlor8ycbv5d.png},2021-03-02 20:42:02.735+00,2021-03-02 20:42:02.735+00
72,1,54,69,,waiting,"
Bhkloipp
Jhkolllk
Uijloj
",2021-03-23 00:00:00+00,05:19 pm,"{https://res.cloudinary.com/your-highness/image/upload/v1616500194/EN7s5AQisygI84-vUZ5Wbn4C.jpg,https://res.cloudinary.com/your-highness/image/upload/v1616500194/9ZiX6pjV7lSo_LsHQzn_aUZJ.jpg}",2021-03-23 11:49:55.569+00,2021-03-23 11:49:55.573+00
6,1,20,16,,waiting,"Very sick , unable to sleep high fever ",2021-03-01 00:00:00+00,11:51,{http://res.cloudinary.com/your-highness/image/upload/v1614579711/v0omrudaa2h3gyeoa7pj.jpg},2021-03-01 06:21:52.059+00,2021-03-01 06:21:52.06+00
126,11,313,383,,waiting,Gurumurthy,2021-04-29 00:00:00+00,06:51 pm,"{https://res.cloudinary.com/your-highness/image/upload/v1619702435/iW3V_xhNz0caY23unPj8NxVV.jpg,https://res.cloudinary.com/your-highness/image/upload/v1619702435/U6_k_g7jNJEwKn22_Hu3BYpU.jpg}",2021-04-29 13:20:36.44+00,2021-04-29 13:20:36.444+00
34,1,30,33,,waiting,My beautiful cow üêÑ has broken the front legs,2021-03-05 00:00:00+00,07:56 pm,"{http://res.cloudinary.com/your-highness/image/upload/v1614967000/jFsGj8y_0C9dOWKDGfrwC2_7.png,http://res.cloudinary.com/your-highness/image/upload/v1614967000/U0goi7AEK6Ba7LT-UxcJ6XB1.png}",2021-03-05 17:56:40.941+00,2021-03-05 17:56:40.942+00
18,1,18,11,,waiting,Y ta Road kirk dk zzz,2021-03-04 00:00:00+00,05:43 pm,{http://res.cloudinary.com/your-highness/image/upload/v1614860015/spxv5sg9cvmxkjmaoywz.jpg},2021-03-04 12:13:36.472+00,2021-03-04 12:13:36.472+00
20,1,18,11,,waiting,Y ta Road kirk dk zzz,2021-03-04 00:00:00+00,05:44 pm,{http://res.cloudinary.com/your-highness/image/upload/v1614860049/n0s3f04d4w50ke5pvfrc.jpg},2021-03-04 12:14:10.109+00,2021-03-04 12:14:10.109+00
21,2,18,11,,waiting,Jfdgyiewibcad. Fhod. Gfljfodn gfvkd,2021-03-04 00:00:00+00,06:11 pm,{http://res.cloudinary.com/your-highness/image/upload/v1614861689/bqg8cqb0ujwqeclps7bw.jpg},2021-03-04 12:41:30+00,2021-03-04 12:41:30.001+00
22,2,18,11,,waiting,Jfdgyiewibcad. Fhod. Gfljfodn gfvkd,2021-03-04 00:00:00+00,06:11 pm,{http://res.cloudinary.com/your-highness/image/upload/v1614861707/snxh5bnmitrzxqlyoej4.jpg},2021-03-04 12:41:48.08+00,2021-03-04 12:41:48.081+00
30,1,18,11,,waiting,Hujjsje seidd  djbej   h,2021-03-05 00:00:00+00,04:32 pm,{http://res.cloudinary.com/your-highness/image/upload/v1614942129/ugex5sv0mvbzzwqjswcj.jpg},2021-03-05 11:02:10.124+00,2021-03-05 11:02:10.124+00
32,1,18,29,,waiting,H j so sbs h s away  ba,2021-03-05 00:00:00+00,04:53 pm,{http://res.cloudinary.com/your-highness/image/upload/v1614943421/fynrjopi3tsfywxi7wrb.jpg},2021-03-05 11:23:42.5+00,2021-03-05 11:23:42.5+00
45,2,30,37,,waiting,Good health but walking problem ,2021-03-15 00:00:00+00,12:15 am,{http://res.cloudinary.com/your-highness/image/upload/v1615747549/w8qctedsybxkrepugora.jpg},2021-03-14 18:45:50.097+00,2021-03-14 18:45:50.097+00
49,2,37,47,,waiting,Jersi cow hai fiver,2021-03-15 00:00:00+00,11:49 am,{http://res.cloudinary.com/your-highness/image/upload/v1615789194/lwx4gbfyfod2txjnijv9.jpg},2021-03-15 06:19:55.041+00,2021-03-15 06:19:55.041+00
48,1,37,47,,finished,Hf crore cow  not  hiteeng,2021-03-15 00:00:00+00,11:44 am,{http://res.cloudinary.com/your-highness/image/upload/v1615788913/uumozojigpfqjwp4srf3.jpg},2021-03-15 06:15:14.073+00,2021-03-15 09:08:03.976+00
5,1,15,10,,waiting,Cattle has high fever ,2021-02-26 00:00:00+00,01:18,"{http://res.cloudinary.com/your-highness/image/upload/v1614325775/Bu29lhAo8MVtYcClALEo6u01.jpg,http://res.cloudinary.com/your-highness/image/upload/v1614325775/RHPRumj3_DDGsudaN3XQ82Pc.jpg}",2021-02-26 07:49:36.165+00,2021-03-13 06:17:53.262+00
46,1,37,47,,waiting,Jersi cow hai  fiwer,2021-03-15 00:00:00+00,11:40 am,{http://res.cloudinary.com/your-highness/image/upload/v1615788720/ozi5t71t4armeifpn03r.jpg},2021-03-15 06:12:00.903+00,2021-03-15 09:10:28.248+00
82,6,2,2,,rejected,Test cattle,2021-05-05 00:00:00+00,12:00,{https://res.cloudinary.com/your-highness/image/upload/v1618405408/y7fadeqmldztprbpufjn.jpg},2021-04-14 13:03:29.183+00,2021-05-03 05:39:02.378+00
119,8,960,942,,finished,Suffering Fever ,2021-04-29 00:00:00+00,03:51 pm,{https://res.cloudinary.com/your-highness/image/upload/v1619691683/kcgypt1zfv0yx1bghfit.jpg},2021-04-29 10:21:24.119+00,2021-04-30 13:59:02.512+00
59,2,48,58,14,finished,Broken leg,2021-03-18 00:00:00+00,07:56 pm,{https://res.cloudinary.com/your-highness/image/upload/v1616090197/yjd6w2lsidb0ojjduduw.jpg},2021-03-18 17:56:38.093+00,2021-03-18 18:15:35.651+00
61,2,48,58,,rejected,Broken leg,2021-03-18 00:00:00+00,07:58 pm,{https://res.cloudinary.com/your-highness/image/upload/v1616090302/la5xczvjq5ojern89a3p.jpg},2021-03-18 17:58:23.203+00,2021-03-18 18:16:06.097+00
57,2,22,49,,rejected,Huh hhhh hhhh,2021-03-18 00:00:00+00,03:46 pm,{https://res.cloudinary.com/your-highness/image/upload/v1616062593/qjhvpqs9vk1sz3o8dqkk.jpg},2021-03-18 10:16:34.188+00,2021-03-18 18:16:19.495+00
50,1,28,34,,waiting,Broken leg,2021-03-15 00:00:00+00,07:30 pm,{http://res.cloudinary.com/your-highness/image/upload/v1615829452/lznopl2tas5stlekbyzv.jpg},2021-03-15 17:30:53.176+00,2021-03-16 10:25:57.798+00
64,1,50,64,,finished,Nmmkkg. Hjmmk ,2021-03-18 00:00:00+00,11:29 pm,{https://res.cloudinary.com/your-highness/image/upload/v1616090386/fuhmwkkfbn7m6pl7g1ik.jpg},2021-03-18 17:59:46.902+00,2021-03-18 18:17:25.548+00
47,2,30,37,10,finished,Hdkks is sick very much ,2021-03-15 00:00:00+00,11:43 am,{http://res.cloudinary.com/your-highness/image/upload/v1615788809/m9x9jpmfapf5fvtpxhdu.jpg},2021-03-15 06:13:30.1+00,2021-03-17 12:07:12.883+00
68,1,55,75,,waiting,Not eating feed.,2021-03-19 00:00:00+00,01:14 pm,{https://res.cloudinary.com/your-highness/image/upload/v1616139883/q3uo8otu0ezujlzimcym.jpg},2021-03-19 07:44:44.048+00,2021-03-19 07:44:44.049+00
73,2,144,188,,waiting,"Fever
Coff
",2021-03-23 00:00:00+00,05:22 pm,"{https://res.cloudinary.com/your-highness/image/upload/v1616500369/sQRv7l-DK1vgW8lCnLS1HE4y.jpg,https://res.cloudinary.com/your-highness/image/upload/v1616500369/JPfsqk846_hsXw8VBK9KnuKw.jpg}",2021-03-23 11:52:50.076+00,2021-03-23 11:52:50.076+00
75,1,157,214,,waiting,Mastitis desease,2021-03-23 00:00:00+00,06:18 pm,"{https://res.cloudinary.com/your-highness/image/upload/v1616503759/741-Pijjd604GNB2o_YgJJBr.jpg,https://res.cloudinary.com/your-highness/image/upload/v1616503759/q8oMccfAxWBXXroHJMDwabU3.jpg}",2021-03-23 12:49:20.17+00,2021-03-23 12:49:20.17+00
79,1,74,94,,waiting,Cattle is sick and not healthy,2021-03-27 00:00:00+00,10:41 pm,{https://res.cloudinary.com/your-highness/image/upload/v1616865142/fet0n5fqd7ncd9zvzbu5.jpg},2021-03-27 17:12:22.801+00,2021-03-27 17:12:22.812+00
99,3,59,78,,waiting,Browny is feeling sick,2021-04-19 00:00:00+00,03:02 pm,{https://res.cloudinary.com/your-highness/image/upload/v1618824761/g7vypxbwcekk8utzf9qp.jpg},2021-04-19 09:32:42.176+00,2021-04-19 09:32:42.176+00
94,4,2,2,,finished,Final Testing cattle,2021-05-05 00:00:00+00,12:00,{https://res.cloudinary.com/your-highness/image/upload/v1618766403/tpsf22m6scafngecd4wk.jpg},2021-04-18 17:20:03.678+00,2021-04-26 13:20:05.099+00
92,4,2,2,17,finished,Test cattle,2021-05-05 00:00:00+00,12:00,{https://res.cloudinary.com/your-highness/image/upload/v1618766291/ci8wt1k3uboaggaqp9cw.jpg},2021-04-18 17:18:12.484+00,2021-04-26 13:46:37.203+00
93,4,2,2,,finished,Test cattle,2021-05-05 00:00:00+00,12:00,{https://res.cloudinary.com/your-highness/image/upload/v1618766308/edlwcai0onnflyi2p14r.jpg},2021-04-18 17:18:29.035+00,2021-04-27 02:26:58.748+00
113,6,276,319,,rejected,mukhomukhi cm l him vim LLC,2021-04-26 00:00:00+00,10:30 pm,{https://res.cloudinary.com/your-highness/image/upload/v1619456673/eqovdgofsf2losfjueko.jpg},2021-04-26 17:04:34.101+00,2021-04-26 17:13:25.691+00
111,8,276,319,,finished,Block sump Karim overly sump,2021-04-26 00:00:00+00,10:28 pm,{https://res.cloudinary.com/your-highness/image/upload/v1619456485/rqfzivkqddgxrpltihgg.jpg},2021-04-26 17:01:25.694+00,2021-04-29 16:33:53.685+00
109,8,276,320,,rejected,Broken leg,2021-04-26 00:00:00+00,12:00 PM,{https://res.cloudinary.com/your-highness/image/upload/v1619454108/uhag4tmbdpakj9h0wydf.jpg},2021-04-26 16:21:49.26+00,2021-04-29 16:36:14.583+00
124,8,789,976,,finished,Red and white,2021-04-29 00:00:00+00,05:04 pm,"{https://res.cloudinary.com/your-highness/image/upload/v1619696090/KVR4WcmSrsO7VyhDo9z1IFGw.jpg,https://res.cloudinary.com/your-highness/image/upload/v1619696090/HBtuEgyQUZooWnM4mjY7-vyt.jpg}",2021-04-29 11:34:51.48+00,2021-05-04 06:56:38.176+00
125,8,969,946,,finished,Milk gold is found to be good for the health of edible cows and also helps in improving the quality of milk.,2021-04-29 00:00:00+00,05:15 pm,"{https://res.cloudinary.com/your-highness/image/upload/v1619696759/fvRb3xs8fULHyYzavt6QH6H9.jpg,https://res.cloudinary.com/your-highness/image/upload/v1619696759/XDSvE9nGgYLDxPmJTaJ8jrCx.jpg}",2021-04-29 11:46:00.434+00,2021-05-02 05:12:50.114+00
160,4,1324,1358,,finished,"Blood bleeding continue few days 
",2021-04-30 00:00:00+00,10:30 am,"{https://res.cloudinary.com/your-highness/image/upload/v1619758950/x3kkQ3_8gTRsDKDndOhdQ3E-.jpg,https://res.cloudinary.com/your-highness/image/upload/v1619758950/PHEiCn_sAoxohbHQF2G4dJG9.jpg}",2021-04-30 05:02:31.347+00,2021-05-03 05:35:32.148+00
159,4,339,342,19,finished,1234567890,2021-04-30 00:00:00+00,10:27 am,{https://res.cloudinary.com/your-highness/image/upload/v1619758679/duubicmcyx7khnnj1kek.jpg},2021-04-30 04:58:00.086+00,2021-05-03 06:28:54.844+00
121,8,969,946,,finished,Milk gold is found to be good for the health of edible cows and also helps in improving the quality of milk.,2021-04-29 00:00:00+00,04:04 pm,"{https://res.cloudinary.com/your-highness/image/upload/v1619692510/iqJFwz8lv0P_Q29QhnfWzuhr.jpg,https://res.cloudinary.com/your-highness/image/upload/v1619692510/Wy3qXjB-mY-gEuUfH5RgF1AT.jpg}",2021-04-29 10:35:11.486+00,2021-05-04 07:08:09.558+00
162,8,1456,1454,,finished,"Bafflo jaffra
",2021-04-30 00:00:00+00,11:45 am,{https://res.cloudinary.com/your-highness/image/upload/v1619763310/exdrqis9na2q2b6le3un.jpg},2021-04-30 06:15:10.799+00,2021-05-07 12:18:38.675+00
110,9,63,294,,rejected,Broken leg,2021-04-26 00:00:00+00,06:22 pm,{https://res.cloudinary.com/your-highness/image/upload/v1619454164/ajhgkok7iut6p8sjydax.jpg},2021-04-26 16:22:45.308+00,2021-05-12 16:15:47.513+00
112,6,276,320,18,finished,Kuchh Cyndy keep ‡∞≤‡∞æ‡∞ï‡±ç ‡∞Ö‡∞™‡±ç‡∞™‡±Å‡∞°‡±Å ‡∞®‡∞æ‡∞ï‡±Å ‡∞µ‡∞æ‡∞ö‡±Ä ‡∞™‡±ã‡∞§‡±Å‡∞Ç‡∞¶‡∞ø‡∞∞‡∞æ ‡∞≤‡±ã,2021-04-26 00:00:00+00,10:33 pm,{https://res.cloudinary.com/your-highness/image/upload/v1619456648/uufj1wyh1gegtuh5qf9n.jpg},2021-04-26 17:04:09.452+00,2021-05-16 06:29:36.837+00
101,,4,301,31,waiting,‡∞µ‡∞ø‡∞∞‡±ã‡∞ö‡∞®‡∞≤‡±Å 4 ‡∞∞‡±ã‡∞ú‡±Å‡∞≤ ‡∞®‡±Å‡∞Ç‡∞°‡∞ø,2021-04-19 00:00:00+00,07:11 pm,{https://res.cloudinary.com/your-highness/image/upload/v1618839669/s6tsm3bfwkt8slbyprb5.jpg},2021-04-19 13:41:09.997+00,2021-05-17 08:19:13.558+00
116,10,307,324,40,finished,Milk fever,2021-04-27 00:00:00+00,05:56 pm,{https://res.cloudinary.com/your-highness/image/upload/v1619526411/lj8yt8lwjkwqlcrxdloy.jpg},2021-04-27 12:26:52.297+00,2021-05-20 08:19:38.669+00
165,11,1463,1466,,waiting,My cow gowari is pregnant please required medicines,2021-04-30 00:00:00+00,11:53 am,{https://res.cloudinary.com/your-highness/image/upload/v1619763834/nt5axxxlwapnh0ix1j8k.jpg},2021-04-30 06:23:54.754+00,2021-04-30 06:23:54.755+00
100,3,59,78,,finished,"Not feeling well
",2021-04-19 00:00:00+00,03:12 pm,"{https://res.cloudinary.com/your-highness/image/upload/v1618825392/Wdj5JEvrWaz0SWX9A_uiLkvG.jpg,https://res.cloudinary.com/your-highness/image/upload/v1618825392/kmYYr-5fbMwlQM5tsa5hIkyn.jpg}",2021-04-19 09:43:13.251+00,2021-04-30 08:36:02.125+00
169,11,760,774,,waiting,"Sahival milking cow
",2021-04-30 00:00:00+00,04:13 pm,"{https://res.cloudinary.com/your-highness/image/upload/v1619779435/u6yyScTbrOfCjyZnGwsw5q93.jpg,https://res.cloudinary.com/your-highness/image/upload/v1619779435/OCNu6Qj0LWf_NeCmkaR08CiX.jpg}",2021-04-30 10:43:56.295+00,2021-04-30 10:43:56.296+00
170,11,1546,1598,,waiting,PSVNPKSRMB,2021-04-30 00:00:00+00,04:26 pm,"{https://res.cloudinary.com/your-highness/image/upload/v1619780240/TUyqB_YHsnygIVrWBEhwNkfc.jpg,https://res.cloudinary.com/your-highness/image/upload/v1619780240/kct78Rw9iJZQ8RQqo7_ybSbL.jpg}",2021-04-30 10:57:21.591+00,2021-04-30 10:57:21.592+00
173,11,1546,1598,,waiting,PSVNPKSRMB,2021-04-30 00:00:00+00,04:30 pm,"{https://res.cloudinary.com/your-highness/image/upload/v1619780510/G1-i3D4Doxl4O8w4FMWA0lvo.jpg,https://res.cloudinary.com/your-highness/image/upload/v1619780510/v1qpolQz9FwL0WQ3vSG-q88y.jpg}",2021-04-30 11:01:51.169+00,2021-04-30 11:01:51.169+00
174,11,1546,1598,,waiting,PSVNPKSRMB,2021-04-30 00:00:00+00,04:45 pm,"{https://res.cloudinary.com/your-highness/image/upload/v1619781449/8U_ghr0RITvCgRYDwUiuRF8Y.jpg,https://res.cloudinary.com/your-highness/image/upload/v1619781449/0Eukj8ugnyAvwa0Lo9GXuUm5.jpg}",2021-04-30 11:17:30.092+00,2021-04-30 11:17:30.093+00
175,11,1546,1598,,waiting,PSVNPKSRMB,2021-04-30 00:00:00+00,04:49 pm,"{https://res.cloudinary.com/your-highness/image/upload/v1619781639/CrMzyygIqzXLXt9XA4XZGcLb.jpg,https://res.cloudinary.com/your-highness/image/upload/v1619781639/QZpX8ZhAuCT6Mo_vtDBPSYrZ.jpg}",2021-04-30 11:20:39.794+00,2021-04-30 11:20:39.794+00
122,8,969,946,,finished,Milk gold is found to be good for the health of edible cows and also helps in improving the quality of milk.,2021-04-29 00:00:00+00,04:14 pm,"{https://res.cloudinary.com/your-highness/image/upload/v1619693157/cyXWSd0UbonSnqxQlof_vjfa.jpg,https://res.cloudinary.com/your-highness/image/upload/v1619693157/RwmMkzAKHKwH2dOqx14vnCXK.jpg}",2021-04-29 10:45:58.386+00,2021-04-30 13:57:13.29+00
176,11,1197,1171,,waiting,"Cow milk 
",2021-04-30 00:00:00+00,07:41 pm,"{https://res.cloudinary.com/your-highness/image/upload/v1619791829/YppQpbRfJzjr8638sSCYDkxw.jpg,https://res.cloudinary.com/your-highness/image/upload/v1619791829/q8Rv87Ckt_rvjgHTo7BtjTm2.jpg}",2021-04-30 14:10:30.246+00,2021-04-30 14:10:30.247+00
183,11,1908,1924,,rejected,1234567891,2021-05-01 00:00:00+00,11:21 am,"{https://res.cloudinary.com/your-highness/image/upload/v1619848317/il-qnRS3XNCXowdMQNlTkPQd.jpg,https://res.cloudinary.com/your-highness/image/upload/v1619848317/qTFPw7DXWjnJVfTcipEjcHjE.jpg}",2021-05-01 05:51:57.719+00,2021-05-03 05:45:42.544+00
182,11,1908,1924,,rejected,1234567891,2021-05-01 00:00:00+00,11:20 am,"{https://res.cloudinary.com/your-highness/image/upload/v1619848253/4aJ0ZNn_ZxLw25ON9LcHFX94.jpg,https://res.cloudinary.com/your-highness/image/upload/v1619848253/K9OX3vgph3JOzL3dihwUj0rn.jpg}",2021-05-01 05:50:54.104+00,2021-05-03 05:45:50.651+00
180,11,1908,1924,,rejected,1234567891,2021-05-01 00:00:00+00,11:17 am,"{https://res.cloudinary.com/your-highness/image/upload/v1619848078/FlgeLiZ2sFWwn2fSre92bOL-.jpg,https://res.cloudinary.com/your-highness/image/upload/v1619848078/StixAI4LdH_5NV95E2nMbnzD.png}",2021-05-01 05:47:58.82+00,2021-05-03 05:46:02.852+00
167,4,1324,1358,,finished,Over blood bleeding few days ,2021-04-30 00:00:00+00,03:16 pm,"{https://res.cloudinary.com/your-highness/image/upload/v1619776155/dbRV0lLz5SVNJcud7YmrKW7s.jpg,https://res.cloudinary.com/your-highness/image/upload/v1619776155/QaHKNNA-ysBlJ_6lR5W5--kg.jpg}",2021-04-30 09:49:16.146+00,2021-05-03 06:34:37.968+00
186,8,1998,2048,,finished,"My yami is nice caw

",2021-05-01 00:00:00+00,12:39 pm,{https://res.cloudinary.com/your-highness/image/upload/v1619852990/qxlsfvjv6529sne2nacu.jpg},2021-05-01 07:09:51.3+00,2021-05-03 07:42:52.06+00
178,8,1562,1675,,finished,Pramod  Awate ,2021-04-30 00:00:00+00,08:30 pm,{https://res.cloudinary.com/your-highness/image/upload/v1619794898/reqa20ihwolesce76bgi.jpg},2021-04-30 15:01:40.468+00,2021-05-03 07:46:50.612+00
187,8,2020,2078,,finished,"Milking animal daily milk production of this Buffalo is 6 lit once time. 
",2021-05-01 00:00:00+00,12:58 pm,{https://res.cloudinary.com/your-highness/image/upload/v1619854139/yztyq4ai3mrcmo2dplhm.jpg},2021-05-01 07:29:00.685+00,2021-05-03 08:49:35.706+00
184,8,960,942,,finished,Information ,2021-05-01 00:00:00+00,11:40 am,"{https://res.cloudinary.com/your-highness/image/upload/v1619849418/BXJqKNXD8ydn-6yhX0H5DAuF.jpg,https://res.cloudinary.com/your-highness/image/upload/v1619849418/SM_PZvUtcg5vduFX0Xbo5Weh.jpg}",2021-05-01 06:10:19.23+00,2021-05-06 05:24:08.302+00
185,8,1967,1998,,finished,Sona cow good hf cow milking production 20ltrper day ,2021-05-01 00:00:00+00,12:05 pm,{https://res.cloudinary.com/your-highness/image/upload/v1619850962/uvyhkzotg8dbbbm1vk8c.jpg},2021-05-01 06:36:02.63+00,2021-05-06 05:14:16.42+00
179,8,1922,1934,,finished,Village :-fapore,2021-05-01 00:00:00+00,11:16 am,{https://res.cloudinary.com/your-highness/image/upload/v1619848022/de4zhlkx7fxksqxyvteh.jpg},2021-05-01 05:47:03.328+00,2021-05-06 05:31:10.478+00
168,8,1615,1601,,finished,"Prathmesh
",2021-04-30 00:00:00+00,03:31 pm,"{https://res.cloudinary.com/your-highness/image/upload/v1619776906/o3CsEdkHilNbyxtBwAtHhX_y.jpg,https://res.cloudinary.com/your-highness/image/upload/v1619776906/TRCl7Qsr1696ygw0KJ1N9L6E.jpg}",2021-04-30 10:01:46.751+00,2021-05-07 06:25:07.696+00
177,8,1562,1666,,finished,Pramod Awate ,2021-04-30 00:00:00+00,08:29 pm,"{https://res.cloudinary.com/your-highness/image/upload/v1619794777/IpE-I4Oi2NdTNw8HO1T-H0bD.jpg,https://res.cloudinary.com/your-highness/image/upload/v1619794777/36c8MGPmtw7QMgAcw-IcLL6O.jpg}",2021-04-30 14:59:38.512+00,2021-05-07 06:17:27.151+00
171,11,1546,1598,,finished,PSVNPKSRMB,2021-04-30 00:00:00+00,04:28 pm,"{https://res.cloudinary.com/your-highness/image/upload/v1619780384/q-fZhjWbsLPeZhrHzj473iKF.jpg,https://res.cloudinary.com/your-highness/image/upload/v1619780384/i2EJdWlbSAxbG_chwnlBKr0T.jpg}",2021-04-30 10:59:44.774+00,2021-05-13 07:01:32.973+00
166,10,1487,1492,37,finished,Daily feeding %,2021-04-30 00:00:00+00,12:20 pm,{https://res.cloudinary.com/your-highness/image/upload/v1619765230/l82twiy3duccien77bfj.jpg},2021-04-30 06:47:11.523+00,2021-05-20 08:16:06.448+00
200,3,2622,2905,,finished,Gomar problem ,2021-05-04 00:00:00+00,08:36 am,{https://res.cloudinary.com/your-highness/image/upload/v1620097606/zgwv9cwle33h686p4gdi.jpg},2021-05-04 03:06:46.842+00,2021-05-06 14:23:24.13+00
188,8,2016,2083,20,finished,Ssssssssss,2021-05-01 00:00:00+00,01:05 pm,{https://res.cloudinary.com/your-highness/image/upload/v1619854542/m9fyt6ghmww5wlqg0yyg.jpg},2021-05-01 07:35:43.188+00,2021-05-01 08:11:01.852+00
189,11,697,645,,waiting,"First photo cow is 3rd baby, 2nd photo is 2nd baby",2021-05-01 00:00:00+00,06:24 pm,"{https://res.cloudinary.com/your-highness/image/upload/v1619873674/6hjoiG2v8aQ6cMO9zFOm_dZB.jpg,https://res.cloudinary.com/your-highness/image/upload/v1619873674/jv8ecgLgF36E1hRx-Sdh_zfV.jpg}",2021-05-01 12:54:34.801+00,2021-05-01 12:54:34.801+00
195,8,1962,2024,,finished,Milk nikalne se pahile hi panha chodti hai& silent heet hai.milk kam ho raha hai,2021-05-03 00:00:00+00,06:53 am,"{https://res.cloudinary.com/your-highness/image/upload/v1620005042/6F-baK0A5ZJtzjmSVeHnBSvN.jpg,https://res.cloudinary.com/your-highness/image/upload/v1620005042/1yhuQp367E3tCTzudsqaxiqZ.jpg}",2021-05-03 01:24:03.778+00,2021-05-03 05:02:18.771+00
191,4,2209,2333,,finished,"Murra jathi buffallow 
",2021-05-01 00:00:00+00,08:23 pm,"{https://res.cloudinary.com/your-highness/image/upload/v1619880856/dNpMlL016c-RfLm6v6Zof5XO.jpg,https://res.cloudinary.com/your-highness/image/upload/v1619880856/a3SCrzmcWjpsyJMIHYTlPdp6.jpg}",2021-05-01 14:54:17.106+00,2021-05-03 05:34:40.279+00
181,11,1908,1924,,rejected,1234567891,2021-05-01 00:00:00+00,11:19 am,"{https://res.cloudinary.com/your-highness/image/upload/v1619848162/D0jWPZQFhpZTEF-7ijjPn_Mb.jpg,https://res.cloudinary.com/your-highness/image/upload/v1619848162/JMwtzbJdwm-NFo28aB_7s3S0.png}",2021-05-01 05:49:22.586+00,2021-05-03 05:45:17.676+00
194,8,1996,2378,,finished,Kiran mutual,2021-05-02 00:00:00+00,10:06 am,"{https://res.cloudinary.com/your-highness/image/upload/v1619930208/30u5zaVxcGuv_m7x5EHGziZf.jpg,https://res.cloudinary.com/your-highness/image/upload/v1619930208/30BRwXTD8Jhzfxg1y8iHk5fA.jpg}",2021-05-02 04:36:48.878+00,2021-05-03 06:10:13.552+00
192,4,2209,2333,,finished,"Murra jathi buffallow 
",2021-05-01 00:00:00+00,08:24 pm,"{https://res.cloudinary.com/your-highness/image/upload/v1619880945/XL_hnq7Becs87wAmpsaOV0Az.jpg,https://res.cloudinary.com/your-highness/image/upload/v1619880945/OvbbfLyk003jX2UTrLWGPiea.jpg}",2021-05-01 14:55:45.481+00,2021-05-03 06:28:23.103+00
199,3,2622,2905,,finished,"Milking problem
",2021-05-04 00:00:00+00,08:31 am,{https://res.cloudinary.com/your-highness/image/upload/v1620097334/q2nef176awpiuke9tv13.jpg},2021-05-04 03:02:15.137+00,2021-05-06 14:29:45.933+00
196,4,1481,1890,,finished,Back side leg ,2021-05-03 00:00:00+00,10:21 am,{https://res.cloudinary.com/your-highness/image/upload/v1620017482/z8hmcgaagegam7ipqcsg.jpg},2021-05-03 04:51:22.725+00,2021-05-03 08:43:12.023+00
203,11,1600,1579,,waiting,Poduguvapu,2021-05-04 00:00:00+00,10:44 am,{https://res.cloudinary.com/your-highness/image/upload/v1620105284/ztq6kk3wzxnylzrhxlg3.jpg},2021-05-04 05:14:44.671+00,2021-05-04 05:14:44.672+00
197,11,762,726,,finished,"Hello sir,
How to increase milk in 15days delivery cow? And We are giving flakes, feeds, wheat powder and calcium.... But it is giving 3 liters only... What is the treatment for this? ",2021-05-03 00:00:00+00,05:50 pm,{https://res.cloudinary.com/your-highness/image/upload/v1620044440/lvqhjhfx9izd4lcnablr.jpg},2021-05-03 12:20:40.611+00,2021-05-07 12:47:29.246+00
202,5,497,460,22,finished,"Hello sir
Miking density fat low dairy products giving power feed and herita vet,cal used fat as low please impove the fat som suggestions sir",2021-05-04 00:00:00+00,09:49 am,{https://res.cloudinary.com/your-highness/image/upload/v1620101962/qyfkqrudio1u5rmuvhvc.jpg},2021-05-04 04:19:22.838+00,2021-05-09 11:35:10.582+00
198,5,590,542,24,finished,"  Hello sir,                    My animal 6   milk hilding not increasing please give  any suggestion.",2021-05-03 00:00:00+00,05:58 pm,{https://res.cloudinary.com/your-highness/image/upload/v1620044943/xzjdgwwq2hzvlpgrgnua.jpg},2021-05-03 12:29:04.162+00,2021-05-09 11:58:50.614+00
204,11,1600,1579,,finished,Poduguvapu,2021-05-04 00:00:00+00,10:44 am,{https://res.cloudinary.com/your-highness/image/upload/v1620105296/qjfmxop85ms97ocvxhle.jpg},2021-05-04 05:14:56.96+00,2021-05-13 07:00:31.392+00
201,11,1335,2907,,finished,"Sick from past one week


",2021-05-04 00:00:00+00,08:41 am,{https://res.cloudinary.com/your-highness/image/upload/v1620097916/omgx6iywiohrdugo6elu.jpg},2021-05-04 03:11:57.555+00,2021-05-13 07:00:44.817+00
193,11,1978,2381,,finished,‡∞Ö‡∞µ‡±Å edhakki ravdamledhu emcheyyali ,2021-05-02 00:00:00+00,06:33 am,{https://res.cloudinary.com/your-highness/image/upload/v1619917542/m03yuw3kzyvkxi0fstma.jpg},2021-05-02 01:05:43.926+00,2021-05-13 07:14:42.68+00
230,11,297,315,,waiting,55555 cheedikada,2021-05-19 00:00:00+00,08:42 am,{https://res.cloudinary.com/your-highness/image/upload/v1621393963/btsrxy33s1tokwfvr2q2.jpg},2021-05-19 03:12:43.657+00,2021-05-19 03:12:43.657+00
224,7,3529,3899,,finished,‡§∏‡§¨‡§∏‡•á ‡§Ö‡§ö‡•ç‡§õ‡•Ä ‡§°‡•á‡§∞‡•Ä ‡§π‡•à,2021-05-15 00:00:00+00,11:19 am,"{https://res.cloudinary.com/your-highness/image/upload/v1621057772/Zpo_1-fNTyY-7oqd6rSvIlU-.jpg,https://res.cloudinary.com/your-highness/image/upload/v1621057772/H0loCf9pL9kd-Dz8ig9fPJQj.jpg}",2021-05-15 05:49:32.481+00,2021-05-15 06:32:25.238+00
215,4,2858,3105,,finished,Milk problems ,2021-05-06 00:00:00+00,06:38 pm,"{https://res.cloudinary.com/your-highness/image/upload/v1620306517/tklGeS6EepgGEHvLxI3Q77_W.jpg,https://res.cloudinary.com/your-highness/image/upload/v1620306517/LWsaeerSGcWjHLKJNrJJpyKQ.jpg}",2021-05-06 13:08:38.73+00,2021-05-07 00:55:17.767+00
217,11,816,785,,finished,"Tagarampudi rmc
",2021-05-07 00:00:00+00,03:04 pm,{https://res.cloudinary.com/your-highness/image/upload/v1620380050/iygbb9mitfdpjp5uminc.jpg},2021-05-07 09:34:11.433+00,2021-05-07 12:22:43.347+00
120,8,869,940,,finished,Ok..........,2021-04-29 00:00:00+00,03:59 pm,{https://res.cloudinary.com/your-highness/image/upload/v1619692172/ej9d4wyzsyua4fzlnttu.png},2021-04-29 10:29:32.544+00,2021-05-07 12:27:17.065+00
219,5,3149,3471,23,finished,Super appointment,2021-05-08 00:00:00+00,10:58 am,{https://res.cloudinary.com/your-highness/image/upload/v1620451701/nmxtrtebx3san7zeujaj.jpg},2021-05-08 05:28:21.863+00,2021-05-09 11:46:27.867+00
223,11,3014,3722,,finished,Helt problem,2021-05-10 00:00:00+00,07:57 am,{https://res.cloudinary.com/your-highness/image/upload/v1620613650/w5v1ptwfrnugz3wblhhe.jpg},2021-05-10 02:27:31.32+00,2021-05-10 07:27:59.995+00
222,3,65,3718,27,finished,Lakshmi 225,2021-05-09 00:00:00+00,07:40 pm,{https://res.cloudinary.com/your-highness/image/upload/v1620569450/ogjkf1yhnqrulaeg8mi8.jpg},2021-05-09 14:10:51.286+00,2021-05-11 13:06:57.581+00
221,3,65,3718,,rejected,"Lakshmi 112
",2021-05-09 00:00:00+00,07:39 pm,{https://res.cloudinary.com/your-highness/image/upload/v1620569387/svqryqvkxgw8h2z2airk.jpg},2021-05-09 14:09:47.534+00,2021-05-11 13:07:35.904+00
220,3,434,3626,28,waiting,As busy As bee with Heritage ,2021-05-08 00:00:00+00,05:35 pm,"{https://res.cloudinary.com/your-highness/image/upload/v1620475539/FkjYxL9vhBj7bPe4_qCCrdS-.jpg,https://res.cloudinary.com/your-highness/image/upload/v1620475540/zMFlgbt0TvPfy4D1Zk3a0C3s.jpg}",2021-05-08 12:05:40.721+00,2021-05-12 15:17:01.017+00
218,3,3188,3520,29,waiting,Giving 9 lit,2021-05-07 00:00:00+00,03:26 pm,"{https://res.cloudinary.com/your-highness/image/upload/v1620381391/YBKXoeUyPl5qRzN0HR3mvMKN.jpg,https://res.cloudinary.com/your-highness/image/upload/v1620381391/0pK4dk0s-HvxbU_dJuNxrhFF.jpg}",2021-05-07 09:56:32.383+00,2021-05-12 15:37:00.71+00
210,11,2777,3013,,finished,It's to paining for the cow,2021-05-05 00:00:00+00,06:28 am,"{https://res.cloudinary.com/your-highness/image/upload/v1620176311/HNHKrJ8xbl2vCUt8YvNF_6Ap.jpg,https://res.cloudinary.com/your-highness/image/upload/v1620176311/08poLLhP7ym6DtgLiCcryv9o.jpg}",2021-05-05 00:58:32.41+00,2021-05-13 07:00:11.254+00
172,11,1546,1598,,finished,PSVNPKSRMB,2021-04-30 00:00:00+00,04:29 pm,"{https://res.cloudinary.com/your-highness/image/upload/v1619780442/wCvyhnn9Mf41j_42Lup85ADO.jpg,https://res.cloudinary.com/your-highness/image/upload/v1619780442/RuwggCdes-uzkTAHgv0DY-Hf.jpg}",2021-04-30 11:00:42.936+00,2021-05-13 07:01:47.283+00
161,6,1219,1192,,finished,Good message,2021-04-30 00:00:00+00,11:19 am,{https://res.cloudinary.com/your-highness/image/upload/v1619761748/z0swf5tnabweuchwoddj.jpg},2021-04-30 05:49:09.372+00,2021-05-16 06:34:43.269+00
209,11,384,400,,finished,Insurance required,2021-05-05 00:00:00+00,06:08 am,"{https://res.cloudinary.com/your-highness/image/upload/v1620175095/Prx4vD_0SXc8nscJ286vErib.jpg,https://res.cloudinary.com/your-highness/image/upload/v1620175095/Jx1wx4ybsNZkwsKtnrjpyxj6.jpg}",2021-05-05 00:38:16.198+00,2021-05-16 06:45:13.005+00
227,8,3563,3930,,finished,‡§ó‡§æ‡§à ‡§ö‡§æ‡§∞‡§æ ‡§ñ‡§æ‡§§ ‡§®‡§æ‡§π‡•Ä,2021-05-16 00:00:00+00,11:02 am,"{https://res.cloudinary.com/your-highness/image/upload/v1621143144/FBbysh8ue5mZz2EWkHQ2MgE4.jpg,https://res.cloudinary.com/your-highness/image/upload/v1621143144/IBLtsDL52CuxWS1Bk8-t-BSL.jpg}",2021-05-16 05:32:25.317+00,2021-05-16 15:04:58.112+00
226,4,3565,3922,,finished,Animal sik,2021-05-16 00:00:00+00,06:53 am,{https://res.cloudinary.com/your-highness/image/upload/v1621128202/rorelzecfixs0zxnzdew.jpg},2021-05-16 01:23:22.943+00,2021-05-17 04:57:27.494+00
212,9,3045,3322,32,finished,"How to devolop through the animal
",2021-05-06 00:00:00+00,08:26 am,{https://res.cloudinary.com/your-highness/image/upload/v1620269831/lezpkk1kicxwtovzymmt.jpg},2021-05-06 02:57:11.473+00,2021-05-17 08:32:18.37+00
225,4,335,427,,finished,Healthy animal,2021-05-16 00:00:00+00,06:51 am,{https://res.cloudinary.com/your-highness/image/upload/v1621128121/orxdrevesw4stwiosxsw.jpg},2021-05-16 01:22:02.407+00,2021-05-17 04:58:03.679+00
216,9,3143,3464,,finished,3rd loction,2021-05-06 00:00:00+00,07:44 pm,"{https://res.cloudinary.com/your-highness/image/upload/v1620310251/oQBs2b-EP4h27_UAKW09Jdp9.jpg,https://res.cloudinary.com/your-highness/image/upload/v1620310251/Xeg3lsT1y6AKgHfQk57ZhSp4.jpg}",2021-05-06 14:10:52.598+00,2021-05-17 07:53:07.683+00
211,9,2891,3127,33,finished,"Not eat grass some times

",2021-05-05 00:00:00+00,09:44 am,{https://res.cloudinary.com/your-highness/image/upload/v1620188102/ih0lhmkwk9zbyo4o8hwf.jpg},2021-05-05 04:15:03.144+00,2021-05-17 08:36:35.088+00
214,9,3036,3312,30,finished,"How to devalop the milk animal 
",2021-05-06 00:00:00+00,09:28 am,{https://res.cloudinary.com/your-highness/image/upload/v1620273499/hrj53jtx1l4meywfhnxl.jpg},2021-05-06 03:58:20.304+00,2021-05-17 08:18:56.256+00
213,9,3045,3322,34,finished,"How to devolop milk through the animal
",2021-05-06 00:00:00+00,08:27 am,{https://res.cloudinary.com/your-highness/image/upload/v1620269853/i0vfwthbul88uwi3s0ck.jpg},2021-05-06 02:57:33.998+00,2021-05-17 08:44:10.346+00
228,4,339,342,35,finished,"Good morning sir
Please check gomari",2021-05-18 00:00:00+00,10:49 am,"{https://res.cloudinary.com/your-highness/image/upload/v1621315150/qZJIfEjZPwOeFs8U0jhg4Zz7.jpg,https://res.cloudinary.com/your-highness/image/upload/v1621315150/I6p_I-NpMdZM2Gze7tPFOCQs.jpg}",2021-05-18 05:19:11.053+00,2021-05-18 10:47:03.236+00
229,4,2964,3290,36,finished,‡∞ú‡±ç‡∞µ‡∞∞‡∞Ç ‡∞Æ‡∞∞‡∞ø‡∞Ø‡±Å ‡∞™‡±ä‡∞¶‡±Å‡∞ó‡±Å ‡∞µ‡∞æ‡∞™‡±Å ‡∞∞‡∞æ‡∞µ‡∞°‡∞Ç ‡∞ú‡∞∞‡∞ø‡∞ó‡∞ø‡∞Ç‡∞¶‡∞ø,2021-05-18 00:00:00+00,10:54 am,{https://res.cloudinary.com/your-highness/image/upload/v1621315456/bvpou356ofuhizjszhnx.jpg},2021-05-18 05:24:17.487+00,2021-05-18 10:55:52.658+00
208,10,403,3077,,finished,5555555555,2021-05-04 00:00:00+00,11:22 pm,{https://res.cloudinary.com/your-highness/image/upload/v1620150742/pxhlxblrm53htbmoeuqt.jpg},2021-05-04 17:52:22.252+00,2021-05-19 03:31:28.05+00
