id,profilePicture,farmerId,status,cattle,cattleUID,cattleName,category,age,breed,weight,createdAt,updatedAt
92,https://res.cloudinary.com/your-highness/image/upload/v1616397660/e4fdee9lula9stlcwopn.jpg,74,healthy,cow,"",Cow,calf,2020-08-25 07:19:07+00,godavari,20,2021-03-22 07:21:00.946+00,2021-03-22 07:21:00.946+00
2,https://www.rockefellerfoundation.org/wp-content/uploads/Indian-Woman-Milking-a-Cow.jpg,2,healthy,Buffalo,720033823139,duhlia,calf,2017-02-13 00:00:00+00,godavari,270,2021-02-24 16:33:20.322+00,2021-02-24 16:33:20.322+00
93,https://res.cloudinary.com/your-highness/image/upload/v1616397668/oavrxqomhiffpgyst1nh.jpg,74,healthy,cow,"",Cow,calf,2020-08-25 07:19:07+00,godavari,20,2021-03-22 07:21:08.784+00,2021-03-22 07:21:08.784+00
95,https://res.cloudinary.com/your-highness/image/upload/v1616397718/xbo7gkhbmjc4iz4fxgs9.jpg,74,healthy,cow,"",Cow,calf,2020-08-25 07:19:07+00,godavari,20,2021-03-22 07:21:58.476+00,2021-03-22 07:21:58.477+00
14344,https://res.cloudinary.com/your-highness/image/upload/v1624028330/p8jb9ftttzci0jphqpyb.jpg,13531,healthy,cow,965262354158,Potti,milking,2018-06-18 14:56:49+00,jersey,380,2021-06-18 14:58:50.91+00,2021-06-18 14:58:50.91+00
102,https://res.cloudinary.com/your-highness/image/upload/v1616399085/ofhzisb1txv6z7nxhxxd.jpg,88,healthy,cow,1234567890123,Jersy,milking,2020-08-15 07:40:12+00,godavari,450,2021-03-22 07:44:45.415+00,2021-03-22 07:44:45.415+00
112,https://res.cloudinary.com/your-highness/image/upload/v1616399127/t2nt4nkluxspie3pbbgy.jpg,89,heat,cow,123456789219,Jersee,milking,2020-03-12 07:40:16+00,jersey,400,2021-03-22 07:45:27.411+00,2021-03-22 07:45:27.411+00
113,https://res.cloudinary.com/your-highness/image/upload/v1616399131/ynsvj0ppib6zbqolds3x.jpg,84,healthy,cow,189686998469,HP,milking,2018-03-22 07:38:51+00,hf - holstein friesian,250,2021-03-22 07:45:31.499+00,2021-03-22 07:45:31.5+00
114,https://res.cloudinary.com/your-highness/image/upload/v1616399135/eoymrfajnnedcukkq79t.jpg,90,healthy,cow,475859632175688596587,Jercy ,calf,2020-09-16 07:43:26+00,godavari,400,2021-03-22 07:45:35.435+00,2021-03-22 07:45:35.436+00
265,https://res.cloudinary.com/your-highness/image/upload/v1616940581/jzcuuqq14wwoqfvr45rx.jpg,222,healthy,cow,"",Ramu,calf,2020-03-28 14:09:16+00,godavari,400,2021-03-28 14:09:41.603+00,2021-03-28 14:09:41.604+00
115,https://res.cloudinary.com/your-highness/image/upload/v1616399144/j8ri3zbfucl9cn6setry.jpg,88,healthy,cow,9999988888806,Jersy,milking,2020-08-15 07:40:12+00,godavari,450,2021-03-22 07:45:44.281+00,2021-03-22 07:45:44.281+00
267,https://res.cloudinary.com/your-highness/image/upload/v1617017544/kym11au2nnwrx1oot5bw.jpg,224,healthy,cow,"",Ganga,milking,2016-03-29 11:29:52+00,jersey,500,2021-03-29 11:32:24.795+00,2021-03-29 11:32:24.796+00
117,https://res.cloudinary.com/your-highness/image/upload/v1616399155/r7jzccrxsatrcdobkj6e.jpg,82,healthy,cow,142512345233,Jercy,milking,2020-03-01 07:40:27+00,jersey,300,2021-03-22 07:45:55.419+00,2021-03-22 07:45:55.419+00
118,https://res.cloudinary.com/your-highness/image/upload/v1616399156/z0vwrtm6efb3gp54xejb.jpg,93,sick,cow,008760184776,Mahadevan ,milking,2018-06-09 07:37:32+00,jersey,67,2021-03-22 07:45:56.722+00,2021-03-22 07:45:56.722+00
123,https://res.cloudinary.com/your-highness/image/upload/v1616399196/wjcq6cnwrafhidhooslb.jpg,88,healthy,cow,11111199999999999,Jersy,milking,2020-08-15 07:40:12+00,godavari,450,2021-03-22 07:46:37.145+00,2021-03-22 07:46:37.145+00
272,https://res.cloudinary.com/your-highness/image/upload/v1618217725/uzgksasdvjufxii6tbyi.jpg,83,healthy,cow,"",Gersi,calf,2021-04-01 08:54:16+00,hf - holstein friesian,500,2021-04-12 08:55:25.382+00,2021-04-12 08:56:20.065+00
69,https://res.cloudinary.com/your-highness/image/upload/v1616135655/a6yro7ssfzddozdfzxtn.jpg,54,healthy,cow,123456789012,Gowri,milking,2020-03-19 06:30:22+00,hf - holstein friesian,300,2021-03-19 06:34:16.25+00,2021-03-23 12:52:36.795+00
275,https://res.cloudinary.com/your-highness/image/upload/v1618318993/awvnivoi8xuye9u2bxil.jpg,236,healthy,cow,"",Ramu,calf,2019-04-09 13:02:41+00,godavari,450,2021-04-13 13:03:13.879+00,2021-04-13 13:03:13.881+00
58,https://res.cloudinary.com/your-highness/image/upload/v1616087957/zwv7v3gzcfwxqd3yhsxw.jpg,48,healthy,cow,"",Sine,milking,2019-03-18 17:17:32+00,jersey,450,2021-03-18 17:19:17.642+00,2021-03-24 13:04:22.19+00
278,https://res.cloudinary.com/your-highness/image/upload/v1618331631/nwv0ake8jpfq9hcmelhz.jpg,240,healthy,cow,"",Jersey,calf,2016-04-13 16:32:55+00,godavari,250,2021-04-13 16:33:51.637+00,2021-04-13 16:33:51.638+00
50,https://res.cloudinary.com/your-highness/image/upload/v1615909656/qbm6k72yjrkur6kpsqgo.jpg,40,healthy,cow,"",Ramu,calf,2019-03-16 15:47:11+00,godavari,420,2021-03-16 15:47:36.619+00,2021-03-16 15:47:36.62+00
4405,https://res.cloudinary.com/your-highness/image/upload/v1621660407/gby9s4mcaohhodxmiytk.jpg,4106,healthy,cow,"",Nalla ,milking,2018-05-03 05:09:52+00,jersey,380,2021-05-22 05:13:27.379+00,2021-05-22 05:13:27.38+00
55,https://res.cloudinary.com/your-highness/image/upload/v1616051357/nfcl8pgowqaup1g3i9ji.jpg,45,healthy,buffalo,456965558985,Buffelo,heifer,2018-03-01 07:06:45+00,surti,200,2021-03-18 07:09:18.38+00,2021-03-18 07:09:18.381+00
10,https://res.cloudinary.com/your-highness/image/upload/v1616047416/swv93retewms9ubnhjdx.jpg,15,sick,buffalo,654823695842,Lkiop tiopi,milking,2016-02-26 07:44:24+00,Godavari,500,2021-02-26 07:46:45.251+00,2021-03-18 06:03:36.987+00
56,https://res.cloudinary.com/your-highness/image/upload/v1616062147/ry9r26a669cjkspgyipx.jpg,41,healthy,buffalo,"",Raji,milking,2017-03-18 10:06:33+00,hf - holstein friesian,550,2021-03-18 10:09:08.063+00,2021-03-18 10:09:08.063+00
65,https://res.cloudinary.com/your-highness/image/upload/v1616089116/stjxddia3thtvcksmfyg.jpg,50,healthy,cow,"",Ljgfd,heifer,2021-03-12 17:37:53+00,ongole,30,2021-03-18 17:38:37.137+00,2021-03-18 17:38:37.137+00
57,https://res.cloudinary.com/your-highness/image/upload/v1616075984/aji3jwhpoxyndf6m6o4i.jpg,47,healthy,cow,"",Ramu,calf,2019-03-18 13:58:24+00,godavari,420,2021-03-18 13:59:44.778+00,2021-03-18 13:59:44.778+00
49,https://res.cloudinary.com/your-highness/image/upload/v1616080093/waggiphac2nuxbhhr3oc.jpg,22,healthy,buffalo,"",Ghnj,heifer,2021-03-08 07:01:57+00,hf - holstein friesian,70,2021-03-16 07:02:44.443+00,2021-03-18 15:08:14.974+00
70,https://res.cloudinary.com/your-highness/image/upload/v1616135984/cvnfnne2rwuqr05mkjr5.jpg,53,healthy,cow,"",Rajee,milking,2002-03-19 06:33:03+00,gir,650,2021-03-19 06:39:44.767+00,2021-03-19 06:39:44.767+00
64,https://res.cloudinary.com/your-highness/image/upload/v1616088995/fopnpfrpt3epp27bzmat.jpg,50,heat,buffalo,"",Ja,milking,2021-03-17 17:34:19+00,nilli ravi,250,2021-03-18 17:36:35.753+00,2021-03-18 18:19:58.69+00
68,https://res.cloudinary.com/your-highness/image/upload/v1616135331/xiojlxzkv2yarmxztglc.jpg,53,healthy,buffalo,"",Somu,milking,1900-03-19 06:25:59+00,murrah,550,2021-03-19 06:28:51.36+00,2021-03-19 06:28:51.361+00
75,https://res.cloudinary.com/your-highness/image/upload/v1616139609/jyefjs1lfqjovdfynt2o.jpg,55,healthy,cow,"",Ganga,calf,2020-03-19 07:36:05+00,ongole,45,2021-03-19 07:40:09.54+00,2021-03-19 07:40:09.541+00
10620,https://res.cloudinary.com/your-highness/image/upload/v1623809979/gfcmgkhho9iokqrhp1tp.jpg,10177,healthy,cow,000000443532,Devi,milking,2018-06-16 02:11:52+00,jersey,450,2021-06-16 02:19:40.394+00,2021-06-16 02:19:40.395+00
79,https://res.cloudinary.com/your-highness/image/upload/v1616205799/irkrfqr6wfzsavyjzr3i.jpg,58,healthy,cow,"",Cow,calf,2019-03-20 01:52:46+00,hf - holstein friesian,450,2021-03-20 02:03:19.552+00,2021-03-20 02:03:19.553+00
80,https://res.cloudinary.com/your-highness/image/upload/v1616217146/jtytsk08gnwlfjhwmapd.jpg,61,healthy,cow,"",Cow,heifer,2021-02-18 05:11:15+00,godavari,157,2021-03-20 05:12:26.983+00,2021-03-20 05:12:26.984+00
81,https://res.cloudinary.com/your-highness/image/upload/v1616217325/woctry2obis1aadotikx.jpg,60,healthy,cow,"",Jersey ,calf,2018-03-20 05:12:35+00,jersey,380,2021-03-20 05:15:25.735+00,2021-03-20 05:15:25.736+00
82,https://res.cloudinary.com/your-highness/image/upload/v1616235250/cgwtq8zvgdtknajvq6xm.jpg,37,healthy,cow,098745612312,Chinnadhi,milking,2009-03-20 10:11:58+00,jersey,86,2021-03-20 10:14:10.542+00,2021-03-20 10:14:10.542+00
83,https://res.cloudinary.com/your-highness/image/upload/v1616235292/jdvxrdlpbowre0vlywz8.jpg,37,healthy,cow,000001122842,Chinnadhi,milking,2009-03-20 10:11:58+00,jersey,86,2021-03-20 10:14:52.978+00,2021-03-20 10:14:52.979+00
84,https://res.cloudinary.com/your-highness/image/upload/v1616250607/kgqsoxu6snvgn8siwis7.jpg,37,healthy,buffalo,0001825769572,Nalldi (laxmi),dry,2012-03-07 14:27:50+00,murrah,68,2021-03-20 14:30:08.23+00,2021-03-20 14:30:08.23+00
85,https://res.cloudinary.com/your-highness/image/upload/v1616294455/nixvsappbqxgpzpkzqox.jpg,66,healthy,buffalo,"",Kapila,heifer,2018-03-21 02:35:05+00,other,90,2021-03-21 02:40:55.903+00,2021-03-21 02:40:55.903+00
86,https://res.cloudinary.com/your-highness/image/upload/v1616294471/me47rtpdcxlvfyzjbmfv.jpg,66,healthy,buffalo,"",Kapila,heifer,2018-03-21 02:35:05+00,other,90,2021-03-21 02:41:12.036+00,2021-03-21 02:41:12.037+00
87,https://res.cloudinary.com/your-highness/image/upload/v1616296856/byss9gkb8nddd80vjupx.jpg,68,healthy,cow,000001234522,Chinn,dry,2015-03-21 03:17:42+00,ongole,120,2021-03-21 03:20:57.415+00,2021-03-21 03:20:57.416+00
88,https://res.cloudinary.com/your-highness/image/upload/v1616296930/zwdln1jzsjvyx6axo8sd.jpg,68,healthy,cow,000000225566,Chinn,dry,2015-03-21 03:17:42+00,ongole,120,2021-03-21 03:22:10.859+00,2021-03-21 03:22:10.859+00
89,https://res.cloudinary.com/your-highness/image/upload/v1616302131/rdat9od5m4mtdiwmblgu.jpg,37,healthy,cow,000011256620,Yerra ,heifer,2016-03-21 04:45:48+00,jersey,120,2021-03-21 04:48:52.149+00,2021-03-21 04:48:52.149+00
90,https://res.cloudinary.com/your-highness/image/upload/v1616302318/zkcxjy1wpdycijzd74s0.jpg,37,healthy,cow,000000222632,Chukka,calf,2019-12-11 04:48:59+00,jersey,38,2021-03-21 04:51:58.589+00,2021-03-21 04:51:58.589+00
91,https://res.cloudinary.com/your-highness/image/upload/v1616318892/nwgtktjkczkytsiwgqds.jpg,69,healthy,cow,000000123456,Buffalo,calf,2019-11-14 09:25:44+00,godavari,150,2021-03-21 09:28:12.734+00,2021-03-21 09:28:12.735+00
4,https://res.cloudinary.com/your-highness/image/upload/v1614247736/pi9ebnfavnhjq3vrqeec.jpg,10,healthy,cow,123456789101,Buff,calf,2013-02-25 10:03:24+00,Gavran,300,2021-02-25 10:08:57.141+00,2021-02-25 10:08:57.142+00
5,https://res.cloudinary.com/your-highness/image/upload/v1614247767/snrndobssslatzwhpqcd.jpg,10,healthy,cow,123456789188,Buff,calf,2013-02-25 10:03:24+00,Gavran,300,2021-02-25 10:09:27.224+00,2021-02-25 10:09:27.225+00
6,https://res.cloudinary.com/your-highness/image/upload/v1614247875/bzbmqrh0r5shsswzfykv.jpg,10,healthy,cow,987654321896,Cowd,calf,2016-02-25 10:09:44+00,Gavran,250,2021-02-25 10:11:15.779+00,2021-02-25 10:11:15.779+00
7,https://res.cloudinary.com/your-highness/image/upload/v1614306016/ur2rf08v8lf2bgljo16v.jpg,13,healthy,buffalo,123456789123,Dummy,milking,2018-05-17 02:14:43+00,Murra,125,2021-02-26 02:20:16.515+00,2021-02-26 02:20:16.516+00
21,https://res.cloudinary.com/your-highness/image/upload/v1614674977/tk6qtpa0qxjm0b6lfgll.jpg,22,healthy,cow,333333366666999,Ramu కడల్స్,milking,2021-03-01 11:19:04+00,murrah,200,2021-03-02 08:48:21.947+00,2021-03-17 18:38:01.662+00
28,https://res.cloudinary.com/your-highness/image/upload/v1614943309/ehybbgxenygkt5lyklhx.jpg,22,healthy,cow,"",Uipali sami,milking,2020-11-23 11:20:31+00,hf - holstein friesian,200,2021-03-05 11:21:50.524+00,2021-03-18 19:55:20.763+00
37,https://res.cloudinary.com/your-highness/image/upload/v1614967950/pf66fxbrujn9xya4h7oj.jpg,30,healthy,buffalo,3794056867949568,Inkuku,calf,2010-01-01 18:11:13+00,hf - holstein friesian,400,2021-03-05 18:12:31.212+00,2021-03-05 18:12:31.212+00
39,https://res.cloudinary.com/your-highness/image/upload/v1615008945/xeoowivpbwacjoknysrw.jpg,18,healthy,buffalo,"",Ramu,milking,2013-03-07 05:33:33+00,hf - holstein friesian,999,2021-03-06 05:35:46.405+00,2021-03-14 16:31:20.887+00
44,https://res.cloudinary.com/your-highness/image/upload/v1615367061/cxuy5pmkqemuu9vfsmrh.jpg,18,healthy,cow,"",Donnaputta,calf,2020-08-10 09:03:31+00,hf - holstein friesian,200,2021-03-10 09:04:21.466+00,2021-03-10 09:04:21.467+00
45,https://res.cloudinary.com/your-highness/image/upload/v1615611420/noutqzplft0spyupfbvf.jpg,18,heat,cow,"",Somu,milking,2018-03-13 04:53:47+00,sahiwal,650,2021-03-13 04:57:01.324+00,2021-03-14 16:30:49.857+00
273,https://res.cloudinary.com/your-highness/image/upload/v1618218258/lfmjn2r050wrmh1t9prw.jpg,92,sick,cow,"",Hf,calf,2021-04-01 09:00:10+00,gir,580,2021-04-12 09:04:18.661+00,2021-04-12 09:04:18.661+00
47,https://res.cloudinary.com/your-highness/image/upload/v1615783811/xnzuqmjybqeo0mu6ghde.jpg,37,healthy,cow,000012345678,MOHAMMED WAHAB KHAN,calf,2015-03-15 04:47:17+00,hf - holstein friesian,4,2021-03-15 04:50:12.092+00,2021-03-15 09:19:23.448+00
94,https://res.cloudinary.com/your-highness/image/upload/v1616397702/qvythyjdbxfizncomytd.jpg,74,healthy,cow,"",Cow,calf,2020-08-25 07:19:07+00,godavari,20,2021-03-22 07:21:42.605+00,2021-03-22 07:21:42.606+00
96,https://res.cloudinary.com/your-highness/image/upload/v1616398838/kvwwvdubfv57hyfnowqd.jpg,85,healthy,cow,1234567823585,Nandhu,calf,2018-03-22 07:36:23+00,godavari,300,2021-03-22 07:40:39.096+00,2021-03-22 07:40:39.097+00
98,https://res.cloudinary.com/your-highness/image/upload/v1616398998/mtwszljyk1htcll65pw1.jpg,90,healthy,cow,1234568745698574855358,Hf,calf,2020-10-14 07:40:09+00,godavari,400,2021-03-22 07:43:19.193+00,2021-03-22 07:43:19.193+00
99,https://res.cloudinary.com/your-highness/image/upload/v1616399051/ybavhu0jqlpqzmrx81gj.jpg,84,healthy,cow,123456789456,HP,milking,2018-03-22 07:38:51+00,hf - holstein friesian,250,2021-03-22 07:44:12.137+00,2021-03-22 07:44:12.137+00
100,https://res.cloudinary.com/your-highness/image/upload/v1616399060/e13pmfa8cof7ld2esfmp.jpg,82,healthy,cow,978786334541,Jercy,milking,2020-03-01 07:40:27+00,jersey,300,2021-03-22 07:44:21.032+00,2021-03-22 07:44:21.033+00
101,https://res.cloudinary.com/your-highness/image/upload/v1616399072/txki6rcpswv0npwwccec.jpg,83,healthy,cow,123456789258,Jersey,milking,2019-03-22 07:40:18+00,jersey,400,2021-03-22 07:44:32.308+00,2021-03-22 07:44:32.308+00
103,https://res.cloudinary.com/your-highness/image/upload/v1616399100/gnzwihuuotnhqw7idwpi.jpg,84,healthy,cow,566755896356,HP,milking,2018-03-22 07:38:51+00,hf - holstein friesian,250,2021-03-22 07:45:01.404+00,2021-03-22 07:45:01.405+00
104,https://res.cloudinary.com/your-highness/image/upload/v1616399101/jlhakzx2han6ruspzm4d.jpg,83,healthy,cow,123456789858,Jersey,milking,2019-03-22 07:40:18+00,jersey,400,2021-03-22 07:45:01.492+00,2021-03-22 07:45:01.492+00
276,https://res.cloudinary.com/your-highness/image/upload/v1618319292/ds3w3xuaghtqktgalei8.jpg,237,healthy,cow,"",Ramu,calf,2019-04-17 13:07:46+00,godavari,450,2021-04-13 13:08:12.397+00,2021-04-13 13:08:12.397+00
106,https://res.cloudinary.com/your-highness/image/upload/v1616399109/lxmyddripngkinx0zcnw.jpg,82,healthy,cow,759883344541,Jercy,milking,2020-03-01 07:40:27+00,jersey,300,2021-03-22 07:45:10.219+00,2021-03-22 07:45:10.219+00
107,https://res.cloudinary.com/your-highness/image/upload/v1616399110/crxgjidu5wdkpqrijzvr.jpg,88,healthy,cow,1234567890006,Jersy,milking,2020-08-15 07:40:12+00,godavari,450,2021-03-22 07:45:10.567+00,2021-03-22 07:45:10.567+00
269,https://res.cloudinary.com/your-highness/image/upload/v1617029457/wwqrf3xtco3f823l4qcm.jpg,225,healthy,cow,934721700912,అది ఒక చిన్న ,calf,2009-03-29 14:48:14+00,jersey,540,2021-03-29 14:50:58.149+00,2021-03-29 14:50:58.149+00
277,https://res.cloudinary.com/your-highness/image/upload/v1618331032/uz6hztlxtfzsciz0s9tt.jpg,239,healthy,cow,985687562589,Tamu,calf,2020-11-19 16:23:23+00,godavari,420,2021-04-13 16:23:52.617+00,2021-04-13 16:24:12.399+00
110,https://res.cloudinary.com/your-highness/image/upload/v1616399122/tasufnf1hze7ffrukreg.jpg,83,healthy,cow,985236147085,Jersey,milking,2019-03-22 07:40:18+00,jersey,400,2021-03-22 07:45:23.029+00,2021-03-22 07:45:23.03+00
111,https://res.cloudinary.com/your-highness/image/upload/v1616399125/d7t5ygmdkihczjn84f66.jpg,88,healthy,cow,999994567890006,Jersy,milking,2020-08-15 07:40:12+00,godavari,450,2021-03-22 07:45:25.467+00,2021-03-22 07:45:25.467+00
279,https://res.cloudinary.com/your-highness/image/upload/v1618396259/mirgsb1aiyyssekiv751.jpg,242,sick,buffalo,123696365807,Ksls,calf,2021-03-08 10:28:37+00,surti,450,2021-04-14 10:31:00.289+00,2021-04-14 10:31:00.29+00
120,https://res.cloudinary.com/your-highness/image/upload/v1616399161/trv0k7rpqt11yuxg1r7h.jpg,88,healthy,cow,11111111111111,Jersy,milking,2020-08-15 07:40:12+00,godavari,450,2021-03-22 07:46:01.522+00,2021-03-22 07:46:01.523+00
121,https://res.cloudinary.com/your-highness/image/upload/v1616399178/js1dslukh7rjdxzzy3ml.jpg,88,healthy,cow,111111111199999999,Jersy,milking,2020-08-15 07:40:12+00,godavari,450,2021-03-22 07:46:18.79+00,2021-03-22 07:46:18.79+00
933,https://res.cloudinary.com/your-highness/image/upload/v1619688597/dkrru6halnpw8kbv502v.jpg,952,healthy,buffalo,"",Otherd,milking,2016-04-29 09:24:26+00,other,450,2021-04-29 09:29:58.508+00,2021-04-29 09:29:58.508+00
890,https://res.cloudinary.com/your-highness/image/upload/v1619680574/p1avgzjhmaae5ici6kle.jpg,902,healthy,buffalo,123456789000,Lakshmi,milking,2015-04-01 07:13:38+00,godavari,580,2021-04-29 07:16:14.733+00,2021-04-29 07:16:14.733+00
127,https://res.cloudinary.com/your-highness/image/upload/v1616399222/cpmyzkr73jqpqfxpszqi.jpg,88,healthy,cow,000000000000000,Jersy,milking,2020-08-15 07:40:12+00,godavari,450,2021-03-22 07:47:02.761+00,2021-03-22 07:47:02.761+00
128,https://res.cloudinary.com/your-highness/image/upload/v1616399239/olbjyr7hqulipbbkokgv.jpg,88,healthy,cow,86500000000000000,Jersy,milking,2020-08-15 07:40:12+00,godavari,450,2021-03-22 07:47:19.569+00,2021-03-22 07:47:19.57+00
270,https://res.cloudinary.com/your-highness/image/upload/v1617029584/wyilfbaxh9rvwbo8kzw6.jpg,225,healthy,cow,934721700912,ఆయన ,calf,2018-03-29 14:51:23+00,godavari,250,2021-03-29 14:53:05.224+00,2021-03-29 14:53:05.224+00
131,https://res.cloudinary.com/your-highness/image/upload/v1616399271/d9zwud7znktpqshmvbbi.jpg,84,healthy,cow,553499689963,HP,milking,2018-03-22 07:46:30+00,godavari,250,2021-03-22 07:47:51.805+00,2021-03-22 07:47:51.805+00
132,https://res.cloudinary.com/your-highness/image/upload/v1616399282/h3ymlszmo5pzwz6et7ng.jpg,91,healthy,cow,223456789102,Cow,milking,2016-03-22 07:41:36+00,jersey,400,2021-03-22 07:48:03.029+00,2021-03-22 07:48:03.03+00
133,https://res.cloudinary.com/your-highness/image/upload/v1616399327/uj0tpsh5hk56cadfutfx.jpg,93,healthy,cow,009600600948,Vel,calf,2020-03-22 07:46:08+00,jersey,88,2021-03-22 07:48:48.202+00,2021-03-22 07:48:48.202+00
134,https://res.cloudinary.com/your-highness/image/upload/v1616399333/akni7zebneh9v5bsg4xs.jpg,91,healthy,cow,2234567891021,Cow,milking,2016-03-22 07:41:36+00,jersey,400,2021-03-22 07:48:54.183+00,2021-03-22 07:48:54.183+00
935,https://res.cloudinary.com/your-highness/image/upload/v1619689955/smh95svkac624k3lwmwr.jpg,294,healthy,cow,170044084267,DURGA,calf,2017-01-01 09:50:09+00,hf - holstein friesian,200,2021-04-29 09:52:36.086+00,2021-04-29 09:52:36.087+00
136,https://res.cloudinary.com/your-highness/image/upload/v1616399388/b0pykbqci3xdpkictbz8.jpg,91,healthy,cow,12345678910218,Cow,milking,2016-03-22 07:41:36+00,jersey,400,2021-03-22 07:49:48.513+00,2021-03-22 07:49:48.513+00
137,https://res.cloudinary.com/your-highness/image/upload/v1616399540/inxnreezrc1eai8gcsn7.jpg,91,healthy,cow,12345678910217,Cow,milking,2016-03-22 07:41:36+00,jersey,400,2021-03-22 07:52:21.241+00,2021-03-22 07:52:21.241+00
138,https://res.cloudinary.com/your-highness/image/upload/v1616399568/t28bvnyma5ynfwgzcu8r.jpg,93,healthy,cow,009600600944,Murugan,calf,2020-03-22 07:50:26+00,gir,55,2021-03-22 07:52:49.541+00,2021-03-22 07:52:49.542+00
551,https://res.cloudinary.com/your-highness/image/upload/v1619619918/wpbjhpoi2kv2rbqubgyp.jpg,596,healthy,cow,442299887245,jersey,calf,2018-06-16 14:22:05+00,jersey,286,2021-04-28 14:25:18.247+00,2021-04-28 14:25:18.247+00
140,https://res.cloudinary.com/your-highness/image/upload/v1616400339/coq5ufhwwl5ebnszkpqd.jpg,91,healthy,cow,12345678910219,Cow,milking,2016-03-22 07:41:36+00,jersey,400,2021-03-22 08:05:39.971+00,2021-03-22 08:05:39.971+00
141,https://res.cloudinary.com/your-highness/image/upload/v1616400801/wj8bptrodtv8zapylhge.jpg,92,healthy,cow,256234256392,Gersi,calf,2020-01-10 08:08:19+00,godavari,250,2021-03-22 08:13:24.791+00,2021-03-22 08:13:24.791+00
143,https://res.cloudinary.com/your-highness/image/upload/v1616400893/rqn6pp6yuse2zsmvdkps.jpg,92,healthy,cow,639285632485,Gersi,calf,2020-01-10 08:08:19+00,godavari,250,2021-03-22 08:14:53.821+00,2021-03-22 08:14:53.821+00
144,https://res.cloudinary.com/your-highness/image/upload/v1616402017/g4andahutm966o0uqb7o.jpg,84,healthy,cow,964658678264,Jersey,dry,2019-03-20 08:31:50+00,jersey,240,2021-03-22 08:33:38.28+00,2021-03-22 08:33:38.28+00
274,https://res.cloudinary.com/your-highness/image/upload/v1618246419/c4xww9u7rinl0yvnfmsu.jpg,71,healthy,cow,"",Ramu,calf,2019-04-12 16:52:08+00,hf - holstein friesian,450,2021-04-12 16:53:39.333+00,2021-04-12 16:53:39.334+00
146,https://res.cloudinary.com/your-highness/image/upload/v1616404488/cdu9ydwhzk6xz5ukgd3d.jpg,107,healthy,cow,994424217599,Jersey,milking,2020-03-01 09:09:19+00,godavari,300,2021-03-22 09:14:48.92+00,2021-03-22 09:14:48.921+00
147,https://res.cloudinary.com/your-highness/image/upload/v1616404514/xfjqtbsiinsrn21anf8s.jpg,107,healthy,cow,994424217591,Jersey,milking,2020-03-01 09:09:19+00,godavari,300,2021-03-22 09:15:14.347+00,2021-03-22 09:15:14.347+00
148,https://res.cloudinary.com/your-highness/image/upload/v1616404799/lyynfullddyplcmo3xae.jpg,109,sick,cow,"",Hfl,milking,2018-03-22 09:15:46+00,jersey,390,2021-03-22 09:19:59.974+00,2021-03-22 09:19:59.974+00
149,https://res.cloudinary.com/your-highness/image/upload/v1616405986/fqim3zhaddtswupfvthv.jpg,108,healthy,cow,959729296512,Hf,heifer,2020-03-22 09:35:40+00,hf - holstein friesian,300,2021-03-22 09:39:47.056+00,2021-03-22 09:39:47.056+00
150,https://res.cloudinary.com/your-highness/image/upload/v1616418534/epdloy9tchznedvjf3gg.jpg,110,healthy,cow,"",Big Cattle,milking,2018-03-01 13:06:08+00,godavari,460,2021-03-22 13:08:55.544+00,2021-03-22 13:08:55.545+00
151,https://res.cloudinary.com/your-highness/image/upload/v1616418546/slzzs8poclkjv0wzy5r1.jpg,110,healthy,cow,"",Big Cattle,milking,2018-03-01 13:06:08+00,godavari,460,2021-03-22 13:09:06.447+00,2021-03-22 13:09:06.449+00
152,https://res.cloudinary.com/your-highness/image/upload/v1616418559/qmd9fa7hmkonwpgsox3i.jpg,110,healthy,cow,"",Big Cattle,milking,2018-03-01 13:06:08+00,godavari,460,2021-03-22 13:09:20.204+00,2021-03-22 13:09:20.205+00
153,https://res.cloudinary.com/your-highness/image/upload/v1616418572/jmol7hcrpk1ncmhvarsw.jpg,110,healthy,cow,"",Big Cattle,milking,2018-03-01 13:06:08+00,godavari,460,2021-03-22 13:09:33.351+00,2021-03-22 13:09:33.352+00
154,https://res.cloudinary.com/your-highness/image/upload/v1616418583/d69coputjjopofjt6kmz.jpg,110,healthy,cow,"",Big Cattle,milking,2018-03-01 13:06:08+00,godavari,460,2021-03-22 13:09:43.689+00,2021-03-22 13:09:43.689+00
155,https://res.cloudinary.com/your-highness/image/upload/v1616418598/nnuhcpdw1u8loemnqbws.jpg,110,healthy,cow,"",Big Cattle,milking,2018-03-01 13:06:08+00,godavari,460,2021-03-22 13:09:59.536+00,2021-03-22 13:09:59.537+00
156,https://res.cloudinary.com/your-highness/image/upload/v1616418610/nvc6suimckclmcfospqo.jpg,110,healthy,cow,"",Big Cattle,milking,2018-03-01 13:06:08+00,godavari,460,2021-03-22 13:10:10.798+00,2021-03-22 13:10:10.798+00
157,https://res.cloudinary.com/your-highness/image/upload/v1616418618/hmah34pt92gdzqa3zr1u.jpg,110,healthy,cow,"",Big Cattle,milking,2018-03-01 13:06:08+00,godavari,460,2021-03-22 13:10:19.47+00,2021-03-22 13:10:19.47+00
158,https://res.cloudinary.com/your-highness/image/upload/v1616418629/soyuidotpcnepcepythk.jpg,110,healthy,cow,"",Big Cattle,milking,2018-03-01 13:06:08+00,godavari,460,2021-03-22 13:10:29.81+00,2021-03-22 13:10:29.81+00
159,https://res.cloudinary.com/your-highness/image/upload/v1616418638/lvfdzv90frrvh3bqztzh.jpg,110,healthy,cow,"",Big Cattle,milking,2018-03-01 13:06:08+00,godavari,460,2021-03-22 13:10:38.681+00,2021-03-22 13:10:38.682+00
160,https://res.cloudinary.com/your-highness/image/upload/v1616418647/oo7zr8b98fsabhnwbqdf.jpg,110,healthy,cow,"",Big Cattle,milking,2018-03-01 13:06:08+00,godavari,460,2021-03-22 13:10:47.951+00,2021-03-22 13:10:47.951+00
161,https://res.cloudinary.com/your-highness/image/upload/v1616418654/y1w9yy3kxk187ihes0wv.jpg,110,healthy,cow,"",Big Cattle,milking,2018-03-01 13:06:08+00,godavari,460,2021-03-22 13:10:55.274+00,2021-03-22 13:10:55.274+00
162,https://res.cloudinary.com/your-highness/image/upload/v1616418668/oule797uwl4alqnsjkmx.jpg,110,healthy,cow,"",Big Cattle,milking,2018-03-01 13:06:08+00,godavari,460,2021-03-22 13:11:08.989+00,2021-03-22 13:11:08.99+00
163,https://res.cloudinary.com/your-highness/image/upload/v1616418695/pgnjhicatuslxtoeuzwf.jpg,110,healthy,cow,"",Big Cattle,milking,2018-03-01 13:06:08+00,godavari,460,2021-03-22 13:11:35.593+00,2021-03-22 13:11:35.593+00
400,https://res.cloudinary.com/your-highness/image/upload/v1619574794/m4iwu8tz4c93jvfiz6wc.jpg,384,healthy,cow,230566451846,Kersey,calf,2019-04-28 01:50:48+00,jersey,230,2021-04-28 01:53:15.381+00,2021-04-28 01:53:15.381+00
129,https://res.cloudinary.com/your-highness/image/upload/v1616399248/cmfjaoiqaltxfpoff02h.jpg,100,healthy,cow,902552038912,Jersey,calf,2019-05-15 07:44:44+00,jersey,250,2021-03-22 07:47:28.327+00,2021-04-28 12:09:01.584+00
164,https://res.cloudinary.com/your-highness/image/upload/v1616418701/qqungwiht9yjuxam1heu.jpg,110,healthy,cow,"",Big Cattle,milking,2018-03-01 13:06:08+00,godavari,460,2021-03-22 13:11:42.012+00,2021-03-22 13:11:42.013+00
165,https://res.cloudinary.com/your-highness/image/upload/v1616418717/gj0lrduvogx3qddyy5qc.jpg,110,healthy,cow,"",Big Cattle,milking,2018-03-01 13:06:08+00,godavari,460,2021-03-22 13:11:57.968+00,2021-03-22 13:11:57.968+00
166,https://res.cloudinary.com/your-highness/image/upload/v1616418775/audxoad6rvswwfx9iepf.jpg,110,healthy,cow,"",Big Cattle,milking,2018-03-01 13:06:08+00,godavari,460,2021-03-22 13:12:56.824+00,2021-03-22 13:12:56.824+00
167,https://res.cloudinary.com/your-highness/image/upload/v1616418881/jzngdmfw16einyucaoww.jpg,110,healthy,cow,"",Big Cattle ,calf,2018-03-01 13:13:37+00,godavari,460,2021-03-22 13:14:44.966+00,2021-03-22 13:14:44.969+00
168,https://res.cloudinary.com/your-highness/image/upload/v1616418899/j3yuyjcexfeehq7o59de.jpg,110,healthy,cow,"",Big Cattle ,calf,2018-03-01 13:13:37+00,godavari,460,2021-03-22 13:15:01.883+00,2021-03-22 13:15:01.883+00
169,https://res.cloudinary.com/your-highness/image/upload/v1616418934/ef1mxjxksrmumrvw8ic1.jpg,110,healthy,cow,"",Big Cattle ,calf,2018-03-01 13:13:37+00,godavari,460,2021-03-22 13:15:35.404+00,2021-03-22 13:15:35.404+00
548,https://res.cloudinary.com/your-highness/image/upload/v1619619661/b40fmdu3e3dh3dhbntog.jpg,593,healthy,cow,"",Hf,milking,2017-04-04 14:11:01+00,jersey,400,2021-04-28 14:21:01.627+00,2021-04-28 14:24:42.392+00
171,https://res.cloudinary.com/your-highness/image/upload/v1616420598/mbykj9ockx6gg8lkwuj1.jpg,113,healthy,buffalo,000000123457,Lakshmi,calf,2017-03-22 13:36:38+00,other,200,2021-03-22 13:43:18.486+00,2021-03-22 13:43:18.486+00
172,https://res.cloudinary.com/your-highness/image/upload/v1616420931/tfoqnovyad3onespz07q.jpg,115,healthy,cow,"",Naupu,calf,2017-03-22 13:43:34+00,jersey,420,2021-03-22 13:48:51.909+00,2021-03-22 13:48:51.911+00
173,https://res.cloudinary.com/your-highness/image/upload/v1616420948/czh0ezsuciicpevcy0sp.jpg,115,healthy,cow,"",Naupu,calf,2017-03-22 13:43:34+00,jersey,420,2021-03-22 13:49:09.854+00,2021-03-22 13:49:09.855+00
174,https://res.cloudinary.com/your-highness/image/upload/v1616464714/sdof9ngm9sqqeggbx4r9.jpg,119,healthy,buffalo,0000000000000,Abc,calf,2017-03-23 01:57:08+00,hf - holstein friesian,250,2021-03-23 01:58:34.481+00,2021-03-23 01:58:34.481+00
175,https://res.cloudinary.com/your-highness/image/upload/v1616465015/zumtgrwkb8k1yaygxc3o.jpg,118,healthy,cow,00000000000000000,Abc,milking,2015-03-23 01:53:27+00,godavari,200,2021-03-23 02:03:35.695+00,2021-03-23 02:03:35.695+00
176,https://res.cloudinary.com/your-highness/image/upload/v1616467119/r4egzydbvy0dvmhwf4eh.jpg,122,healthy,buffalo,000000000012,Abc,dry,2018-03-23 02:34:22+00,hf - holstein friesian,250,2021-03-23 02:38:39.981+00,2021-03-23 02:38:39.981+00
177,https://res.cloudinary.com/your-highness/image/upload/v1616467941/afrfo6xex7anq0ar7qdb.jpg,123,heat,cow,000079556612,Peddadhi,milking,2015-01-15 02:47:54+00,jersey,198,2021-03-23 02:52:21.752+00,2021-03-23 02:52:21.752+00
178,https://res.cloudinary.com/your-highness/image/upload/v1616473546/txthvetthlcjelh9q3su.jpg,126,healthy,cow,000010000000,Abc,dry,2015-03-23 04:23:09+00,hf - holstein friesian,256,2021-03-23 04:25:47.283+00,2021-03-23 04:25:47.284+00
179,https://res.cloudinary.com/your-highness/image/upload/v1616491035/exnamhjjbrmw8hxuekh9.jpg,132,healthy,cow,"",Chinna,calf,2019-03-23 09:10:14+00,jersey,200,2021-03-23 09:17:16.011+00,2021-03-23 09:17:16.011+00
180,https://res.cloudinary.com/your-highness/image/upload/v1616491098/lkorfxw0xvg489ppoage.jpg,132,healthy,cow,"",Chinna,calf,2019-03-23 09:10:14+00,jersey,200,2021-03-23 09:18:19.256+00,2021-03-23 09:18:19.256+00
181,https://res.cloudinary.com/your-highness/image/upload/v1616491127/sd3dm6ztyrir5x54gzah.jpg,135,healthy,cow,995925559632,Black,calf,2018-03-23 09:13:49+00,godavari,250,2021-03-23 09:18:48.218+00,2021-03-23 09:18:48.218+00
182,https://res.cloudinary.com/your-highness/image/upload/v1616491147/fac9mshotzyxqilo6pa5.jpg,132,healthy,cow,"",Chinna,calf,2019-03-23 09:10:14+00,jersey,200,2021-03-23 09:19:08.179+00,2021-03-23 09:19:08.179+00
183,https://res.cloudinary.com/your-highness/image/upload/v1616491183/z7tu4ytybr3sirlr86zl.jpg,134,healthy,cow,120645120645,Jercy,milking,2017-03-23 09:13:56+00,ongole,120,2021-03-23 09:19:44.233+00,2021-03-23 09:19:44.234+00
184,https://res.cloudinary.com/your-highness/image/upload/v1616491408/fadwkidaweb8kmpgs8gr.jpg,136,healthy,cow,"",Naladi,calf,2018-03-23 09:18:31+00,godavari,400,2021-03-23 09:23:28.835+00,2021-03-23 09:23:28.836+00
185,https://res.cloudinary.com/your-highness/image/upload/v1616491493/euwf439amr1y8grzlkxc.jpg,136,healthy,cow,"",Naladi,calf,2018-03-23 09:18:31+00,godavari,400,2021-03-23 09:24:54.123+00,2021-03-23 09:24:54.142+00
186,https://res.cloudinary.com/your-highness/image/upload/v1616496328/x9qzbs8yncfpudqthvol.jpg,138,sick,cow,321544541245,Cat3695,calf,2010-03-23 10:41:47+00,ongole,100,2021-03-23 10:45:29.284+00,2021-03-23 10:45:29.284+00
187,https://res.cloudinary.com/your-highness/image/upload/v1616497908/aqftjroiosqqenjo5qat.jpg,149,healthy,cow,184520000126542,laxmi,calf,2016-03-23 11:09:16+00,jersey,6,2021-03-23 11:11:49.2+00,2021-03-23 11:11:49.201+00
188,https://res.cloudinary.com/your-highness/image/upload/v1616498632/wkaf9dc1m3vmtqtjf75f.jpg,144,healthy,cow,123456789033,Rama,milking,2019-09-18 11:14:49+00,godavari,450,2021-03-23 11:23:53.222+00,2021-03-23 11:23:53.223+00
271,https://res.cloudinary.com/your-highness/image/upload/v1617029624/ogys4icdfkmkdssawjic.jpg,225,healthy,cow,934721700912,ఆయన ,calf,2018-03-29 14:51:23+00,godavari,250,2021-03-29 14:53:45.267+00,2021-03-29 14:53:45.268+00
280,https://res.cloudinary.com/your-highness/image/upload/v1618410861/tbvdc8az0o5funpu8aai.jpg,244,healthy,cow,"",Ramu,calf,2019-04-09 14:33:57+00,godavari,450,2021-04-14 14:34:21.691+00,2021-04-14 14:34:21.694+00
191,https://res.cloudinary.com/your-highness/image/upload/v1616498683/l2zazony7ad2h52mfg40.jpg,145,healthy,cow,123456789999,Cow,milking,2015-03-23 11:14:53+00,jersey,450,2021-03-23 11:24:43.938+00,2021-03-23 11:24:43.939+00
283,https://res.cloudinary.com/your-highness/image/upload/v1618423858/uqcaihaevg87qqzxhnnm.jpg,246,healthy,cow,"",Bihogo,calf,2019-04-24 18:10:19+00,jersey,450,2021-04-14 18:10:58.458+00,2021-04-14 18:10:58.458+00
193,https://res.cloudinary.com/your-highness/image/upload/v1616498728/vo3w5zea1apowlxegon1.jpg,145,healthy,cow,123456789015,Cow,milking,2015-03-23 11:14:53+00,jersey,450,2021-03-23 11:25:28.547+00,2021-03-23 11:25:28.547+00
284,https://res.cloudinary.com/your-highness/image/upload/v1618458750/gqhgloibyvpmore0cyw3.jpg,247,healthy,cow,"",Jersi,calf,2020-10-31 03:50:24+00,godavari,480,2021-04-15 03:52:30.472+00,2021-04-15 03:52:30.472+00
195,https://res.cloudinary.com/your-highness/image/upload/v1616498753/vhfqfqxeqweqs5kip43f.jpg,145,healthy,cow,123456789222,Cow,milking,2015-03-23 11:14:53+00,jersey,450,2021-03-23 11:25:54.134+00,2021-03-23 11:25:54.135+00
196,https://res.cloudinary.com/your-highness/image/upload/v1616498754/k1kaeo5nm7omuastxhy6.jpg,154,healthy,cow,1234567890124,laxmi,milking,2019-03-23 11:23:18+00,jersey,500,2021-03-23 11:25:55.309+00,2021-03-23 11:25:55.31+00
197,https://res.cloudinary.com/your-highness/image/upload/v1616498777/btu1bfcdmtdgly3axmrc.jpg,145,healthy,cow,123456789055,Cow,milking,2015-03-23 11:14:53+00,jersey,450,2021-03-23 11:26:18.174+00,2021-03-23 11:26:18.175+00
198,https://res.cloudinary.com/your-highness/image/upload/v1616498804/qbtlnbnudgqls7zqgukd.jpg,145,healthy,cow,1234567890.1,Cow,milking,2015-03-23 11:14:53+00,jersey,450,2021-03-23 11:26:45.105+00,2021-03-23 11:26:45.106+00
199,https://res.cloudinary.com/your-highness/image/upload/v1616498827/nvb14y1l40r05z2juhh8.jpg,145,healthy,cow,123456789035,Cow,milking,2015-03-23 11:14:53+00,jersey,450,2021-03-23 11:27:08.243+00,2021-03-23 11:27:08.243+00
200,https://res.cloudinary.com/your-highness/image/upload/v1616498857/qrxjhnbqkwlqaj7yzc4x.jpg,145,healthy,cow,121212121212,Cow,milking,2015-03-23 11:14:53+00,jersey,450,2021-03-23 11:27:37.816+00,2021-03-23 11:27:37.816+00
201,https://res.cloudinary.com/your-highness/image/upload/v1616498889/uyxpk0albpy3dmuhq422.jpg,145,healthy,cow,123456789023,Cow,milking,2015-03-23 11:14:53+00,jersey,450,2021-03-23 11:28:09.983+00,2021-03-23 11:28:09.984+00
202,https://res.cloudinary.com/your-highness/image/upload/v1616498913/bkinnsiii4pr9jysxe2b.jpg,145,healthy,cow,123451234512,Cow,milking,2015-03-23 11:14:53+00,jersey,450,2021-03-23 11:28:33.61+00,2021-03-23 11:28:33.61+00
203,https://res.cloudinary.com/your-highness/image/upload/v1616498946/uf9ovmg4osysjpngaowd.jpg,145,healthy,cow,123451234567,Cow,milking,2015-03-23 11:14:53+00,jersey,450,2021-03-23 11:29:06.824+00,2021-03-23 11:29:06.825+00
204,https://res.cloudinary.com/your-highness/image/upload/v1616498964/euk5dick820ynswxxsfr.jpg,145,healthy,cow,123451234566,Cow,milking,2015-03-23 11:14:53+00,jersey,450,2021-03-23 11:29:24.794+00,2021-03-23 11:29:24.794+00
205,https://res.cloudinary.com/your-highness/image/upload/v1616498999/rqbisnvnmzuoc8fjpb2i.jpg,145,healthy,cow,123456123456,Cow,milking,2015-03-23 11:14:53+00,jersey,450,2021-03-23 11:30:00.168+00,2021-03-23 11:30:00.168+00
206,https://res.cloudinary.com/your-highness/image/upload/v1616499039/rfgudsh1aeowf8qfffxy.jpg,145,healthy,cow,800876580808,Cow,milking,2016-03-23 11:14:53+00,jersey,450,2021-03-23 11:30:40.486+00,2021-03-23 11:30:40.486+00
207,https://res.cloudinary.com/your-highness/image/upload/v1616499071/t7y8pib9zwfn0yyivn4r.jpg,145,healthy,cow,098765432109,Cow,milking,2016-03-23 11:14:53+00,jersey,450,2021-03-23 11:31:12.272+00,2021-03-23 11:31:12.273+00
281,https://res.cloudinary.com/your-highness/image/upload/v1618411517/zrrpwhgmicg0mct4fqtm.jpg,245,healthy,cow,"",Ramu,calf,2019-04-14 14:44:55+00,godavari,450,2021-04-14 14:45:18.242+00,2021-04-14 14:45:18.242+00
209,https://res.cloudinary.com/your-highness/image/upload/v1616499949/ffvwm5cazaj4t91lz3gs.jpg,152,healthy,cow,147563287590,Laxmi,calf,2018-03-23 11:44:23+00,hf - holstein friesian,380,2021-03-23 11:45:50.766+00,2021-03-23 11:45:50.766+00
210,https://res.cloudinary.com/your-highness/image/upload/v1616500104/fdzupznmkbvqe4fgouuv.jpg,160,healthy,cow,323296863252,Brown,heifer,2015-03-02 11:42:54+00,jersey,440,2021-03-23 11:48:24.41+00,2021-03-23 11:48:24.411+00
211,https://res.cloudinary.com/your-highness/image/upload/v1616500302/fpxkfkel6bhhpmdbxr7t.jpg,147,healthy,cow,1568900001233,Rama,calf,2019-07-02 11:50:37+00,hf - holstein friesian,350,2021-03-23 11:51:42.513+00,2021-03-23 11:51:42.513+00
212,https://res.cloudinary.com/your-highness/image/upload/v1616501445/cmdcuhzn53sjs63ghgre.jpg,142,healthy,cow,123456789032,Gowri,calf,2020-01-02 12:09:57+00,hf - holstein friesian,445,2021-03-23 12:10:45.55+00,2021-03-23 12:10:45.551+00
235,https://res.cloudinary.com/your-highness/image/upload/v1616569132/a3zclkyvxfh9xgaplpmh.jpg,197,healthy,cow,582036947158,Jersey,milking,2020-05-08 06:54:22+00,jersey,500,2021-03-24 06:58:52.548+00,2021-03-24 06:58:52.549+00
214,https://res.cloudinary.com/your-highness/image/upload/v1616503483/zyeo5188nj30rwolszgt.jpg,157,healthy,cow,832821323799,Gouri,calf,2019-03-01 12:41:49+00,hf - holstein friesian,300,2021-03-23 12:44:43.648+00,2021-03-23 12:44:43.649+00
236,https://res.cloudinary.com/your-highness/image/upload/v1616569167/hevducsspr74zpcrojp5.jpg,197,healthy,cow,582036947158,Jersey,milking,2020-05-08 06:54:22+00,jersey,500,2021-03-24 06:59:27.368+00,2021-03-24 06:59:27.368+00
213,https://res.cloudinary.com/your-highness/image/upload/v1616502057/jmiyk9d15bameppdagrw.jpg,162,healthy,cow,123456789112,Cow,milking,2017-12-08 12:16:12+00,godavari,300,2021-03-23 12:20:58.311+00,2021-03-23 12:49:24.435+00
285,https://res.cloudinary.com/your-highness/image/upload/v1618458767/hmjtyfmzijlhrm5fpsxk.jpg,247,healthy,cow,"",Jersi,calf,2020-10-31 03:50:24+00,godavari,480,2021-04-15 03:52:47.421+00,2021-04-15 03:52:47.421+00
286,https://res.cloudinary.com/your-highness/image/upload/v1618461372/yozhkvgacrszur6ir3kb.jpg,248,heat,buffalo,256332566523,Arjuoop,heifer,2021-04-05 04:34:24+00,nilli ravi,250,2021-04-15 04:36:12.887+00,2021-04-15 04:36:12.888+00
217,https://res.cloudinary.com/your-highness/image/upload/v1616506245/tn4qttum7l6kbks3xo4p.jpg,157,sick,cow,957326879422,Sdha,milking,2019-01-01 13:28:19+00,sahiwal,400,2021-03-23 13:30:46.006+00,2021-03-23 13:30:46.007+00
218,https://res.cloudinary.com/your-highness/image/upload/v1616506370/xolrrqcpyjohlk9pnqjy.jpg,166,healthy,buffalo,000001234587,Laxmi,calf,2019-03-10 13:28:41+00,godavari,120,2021-03-23 13:32:50.566+00,2021-03-23 13:32:50.567+00
550,https://res.cloudinary.com/your-highness/image/upload/v1619619814/wpgq6l9wkjb1g22zlhgz.jpg,595,healthy,buffalo,550256320430,Rani,milking,2015-04-28 14:20:05+00,godavari,550,2021-04-28 14:23:34.966+00,2021-04-28 14:23:34.966+00
220,https://res.cloudinary.com/your-highness/image/upload/v1616509170/kifrhhq9zayf70exnvvm.jpg,179,healthy,buffalo,000000125436,Ksheera,calf,2019-02-04 14:17:37+00,godavari,150,2021-03-23 14:19:31.292+00,2021-03-23 14:19:31.292+00
221,https://res.cloudinary.com/your-highness/image/upload/v1616509464/u1ses1zaxug7fyrjdp0e.jpg,181,healthy,cow,"",Cow,calf,2017-03-03 14:19:46+00,jersey,150,2021-03-23 14:24:24.446+00,2021-03-23 14:24:24.447+00
222,https://res.cloudinary.com/your-highness/image/upload/v1616509558/gvmrqpbkfj6psgzk7cae.jpg,180,healthy,cow,"",Girri,calf,2017-03-03 14:25:41+00,godavari,200,2021-03-23 14:25:58.651+00,2021-03-23 14:25:58.652+00
223,https://res.cloudinary.com/your-highness/image/upload/v1616509578/gkvhtkxrxaqaanjulnoq.jpg,180,healthy,cow,"",Girri,calf,2017-03-03 14:25:41+00,godavari,200,2021-03-23 14:26:18.996+00,2021-03-23 14:26:18.996+00
224,https://res.cloudinary.com/your-highness/image/upload/v1616509637/wiortnsaaqwlzwgfknlv.jpg,182,healthy,buffalo,"",Amma ,milking,2017-03-23 14:23:17+00,other,250,2021-03-23 14:27:17.287+00,2021-03-23 14:27:17.287+00
225,https://res.cloudinary.com/your-highness/image/upload/v1616509710/cppkgqzlt4s7twjtsxxh.jpg,182,healthy,buffalo,"",Amma ,milking,2017-03-23 14:23:17+00,other,250,2021-03-23 14:28:30.909+00,2021-03-23 14:28:30.91+00
226,https://res.cloudinary.com/your-highness/image/upload/v1616512465/pycnkgtwkblxhf6rjb2x.jpg,185,healthy,buffalo,000000123459,Inti laxmi,calf,2018-01-07 15:09:23+00,godavari,200,2021-03-23 15:14:25.677+00,2021-03-23 15:14:25.677+00
227,https://res.cloudinary.com/your-highness/image/upload/v1616517958/btf4yzljzip0yz5i8ngk.jpg,187,healthy,cow,"",Ramu,calf,2019-03-23 16:45:26+00,godavari,450,2021-03-23 16:45:58.752+00,2021-03-23 16:45:58.752+00
231,https://res.cloudinary.com/your-highness/image/upload/v1616558036/jc8rlqkezdn1abdgzjsz.jpg,21,healthy,cow,0000000000122,Abc,calf,2017-03-24 03:53:02+00,hf - holstein friesian,253,2021-03-24 03:53:57.048+00,2021-03-24 03:53:57.049+00
232,https://res.cloudinary.com/your-highness/image/upload/v1616558108/g6hl6nihrwirko3eqctu.jpg,21,healthy,cow,000081000000,Awds,milking,2014-03-24 03:54:00+00,hf - holstein friesian,259,2021-03-24 03:55:08.486+00,2021-03-24 03:55:08.487+00
4406,https://res.cloudinary.com/your-highness/image/upload/v1621660419/ckif1hct5ejou0ilh1p7.jpg,4107,healthy,cow,111111111112,Ganga,milking,2018-05-22 05:12:20+00,godavari,500,2021-05-22 05:13:39.791+00,2021-05-22 05:13:39.791+00
234,https://res.cloudinary.com/your-highness/image/upload/v1616568260/wl3g6tkddjfizpq4p6gf.jpg,196,healthy,cow,"",Cow,calf,2020-09-15 06:40:20+00,other,55,2021-03-24 06:44:21.194+00,2021-03-24 06:44:21.194+00
237,https://res.cloudinary.com/your-highness/image/upload/v1616569563/nyssfvyqz2h14u1dqthn.jpg,197,healthy,cow,582036947158,Jersey,milking,2020-05-08 06:54:22+00,jersey,500,2021-03-24 07:06:03.42+00,2021-03-24 07:06:03.421+00
238,https://res.cloudinary.com/your-highness/image/upload/v1616569571/mwss8vic1lxfundt0yy6.jpg,197,healthy,cow,582036947158,Jersey,milking,2020-05-08 06:54:22+00,jersey,500,2021-03-24 07:06:11.54+00,2021-03-24 07:06:11.541+00
239,https://res.cloudinary.com/your-highness/image/upload/v1616569583/vram2bton2d4dlegsaib.jpg,197,healthy,cow,582036947158,Jersey,milking,2020-05-08 06:54:22+00,jersey,500,2021-03-24 07:06:23.233+00,2021-03-24 07:06:23.234+00
240,https://res.cloudinary.com/your-highness/image/upload/v1616582085/uaivya0rgqqkntenf34m.jpg,198,healthy,cow,"",Ramu,calf,2019-03-19 10:34:02+00,godavari,450,2021-03-24 10:34:45.997+00,2021-03-24 10:34:45.997+00
241,https://res.cloudinary.com/your-highness/image/upload/v1616587830/mkk4tlvlt7jz4ll7yd56.jpg,200,healthy,cow,"",Ramu,calf,2019-03-14 12:09:17+00,godavari,420,2021-03-24 12:10:30.592+00,2021-03-24 12:10:30.593+00
243,https://res.cloudinary.com/your-highness/image/upload/v1616588697/yzp5mpsvwjjneboefsex.jpg,189,healthy,cow,380077930818,PEDDI,milking,2017-01-01 12:21:29+00,hf - holstein friesian,350,2021-03-24 12:24:58.423+00,2021-03-24 12:24:58.423+00
244,https://res.cloudinary.com/your-highness/image/upload/v1616588893/ritxjsdtxxc8abxym9bq.jpg,189,healthy,cow,390018245754,PEDDI NEW,milking,2015-01-01 12:26:06+00,hf - holstein friesian,360,2021-03-24 12:28:13.562+00,2021-03-24 12:28:13.562+00
245,https://res.cloudinary.com/your-highness/image/upload/v1616589339/w9je9ylqdp9bwd2uuw4e.jpg,202,healthy,cow,988555855555,Ramu,calf,2018-03-24 12:35:11+00,godavari,470,2021-03-24 12:35:39.475+00,2021-03-24 12:37:08.305+00
282,https://res.cloudinary.com/your-highness/image/upload/v1618423431/io3mjstpb6r3xl6jjgfn.jpg,246,healthy,cow,"",Sine,milking,2019-04-10 18:03:01+00,jersey,450,2021-04-14 18:03:51.585+00,2021-04-14 18:10:14.51+00
287,https://res.cloudinary.com/your-highness/image/upload/v1618463145/nckdaq5rf4x4emowtput.jpg,249,healthy,buffalo,369369258258,Ganga1,dry,2021-04-11 05:02:12+00,godavari,500,2021-04-15 05:05:45.683+00,2021-04-15 05:05:45.684+00
299,https://res.cloudinary.com/your-highness/image/upload/v1618661257/tj8h6q980sl2t8h72nlo.jpg,258,heat,cow,380096440197,Shabala,milking,2017-04-17 12:05:08+00,godavari,450,2021-04-17 12:07:38.056+00,2021-04-17 12:07:38.057+00
246,https://res.cloudinary.com/your-highness/image/upload/v1616589644/najlewbmrxqj0m10zbef.jpg,203,healthy,cow,984455555555,Ramu,milking,2018-03-22 12:40:22+00,godavari,450,2021-03-24 12:40:44.499+00,2021-03-24 12:45:38.177+00
298,https://res.cloudinary.com/your-highness/image/upload/v1618571211/pakmzbh4vrrbhvssxe1b.jpg,254,healthy,cow,123456789101,Imoji,milking,2010-01-01 11:03:06+00,godavari,400,2021-04-16 11:06:51.714+00,2021-04-17 14:34:21.651+00
300,https://res.cloudinary.com/your-highness/image/upload/v1618801020/vxeympd0vqsdnbgw7qye.jpg,260,heat,buffalo,369369369369,Yuiop,milking,2021-04-01 02:55:28+00,bhadawari,500,2021-04-19 02:57:00.968+00,2021-04-19 02:57:00.969+00
303,https://res.cloudinary.com/your-highness/image/upload/v1618914916/klcxvkupb0wk5kckrj8p.jpg,266,healthy,cow,"",Cow,calf,2020-07-16 10:34:07+00,godavari,150,2021-04-20 10:35:16.435+00,2021-04-20 10:35:16.435+00
552,https://res.cloudinary.com/your-highness/image/upload/v1619620162/karbkhdni4b1dcfed7jc.jpg,597,healthy,cow,"",Prada avu,milking,2016-04-28 14:23:49+00,godavari,450,2021-04-28 14:29:24.142+00,2021-04-28 14:29:24.143+00
553,https://res.cloudinary.com/your-highness/image/upload/v1619620399/vpskv0tkavruwcd648fc.jpg,600,healthy,buffalo,"",ND,dry,2016-04-20 14:31:09+00,other,350,2021-04-28 14:33:20.719+00,2021-04-28 14:33:20.719+00
4407,https://res.cloudinary.com/your-highness/image/upload/v1621660932/v6486ylmthryrkiwx73l.jpg,4108,healthy,cow,"",Lakshmi,milking,2018-05-22 05:18:39+00,jersey,500,2021-05-22 05:22:13.209+00,2021-05-22 05:22:13.211+00
4448,https://res.cloudinary.com/your-highness/image/upload/v1621686152/bk5bctrqrlcdpbas5pin.jpg,4151,healthy,cow,"",Brown,dry,2018-08-16 12:20:43+00,jersey,550,2021-05-22 12:22:32.617+00,2021-05-22 12:22:32.617+00
302,https://res.cloudinary.com/your-highness/image/upload/v1618887353/zgcicvg68r5slsj0mgz6.jpg,263,healthy,cow,955855856856,Sine,calf,2019-04-25 02:55:21+00,jersey,450,2021-04-20 02:55:53.664+00,2021-04-20 02:56:07.265+00
4461,https://res.cloudinary.com/your-highness/image/upload/v1621689596/exzdgpscopviakkqyuyi.jpg,4164,healthy,cow,"",Livi,milking,2018-05-22 13:18:43+00,jersey,420,2021-05-22 13:19:56.899+00,2021-05-22 13:44:07.77+00
4476,https://res.cloudinary.com/your-highness/image/upload/v1621736156/dx5cyv886fqa2fk0dkwk.jpg,4187,healthy,cow,256341789719,jersey,calf,2018-06-10 02:13:37+00,jersey,285,2021-05-23 02:15:56.797+00,2021-05-23 02:15:56.797+00
295,https://res.cloudinary.com/your-highness/image/upload/v1618545883/ajewy1bghjn63wwxoqbm.jpg,252,healthy,buffalo,"",Arjun,calf,2021-04-04 04:03:39+00,godavari,500,2021-04-16 04:04:43.414+00,2021-04-16 04:04:43.415+00
296,https://res.cloudinary.com/your-highness/image/upload/v1618550558/vnmwkmh43vrvdxaf7kos.jpg,251,healthy,buffalo,"",Ganga w,milking,2021-04-11 05:20:59+00,hf - holstein friesian,250,2021-04-16 05:22:39.026+00,2021-04-16 05:22:39.026+00
2657,https://res.cloudinary.com/your-highness/image/upload/v1619963373/ujk07clt7jg0yvvvl1uj.jpg,2477,healthy,cow,"",Radha,milking,2019-05-02 13:42:19+00,godavari,500,2021-05-02 13:49:34.373+00,2021-05-02 13:49:34.374+00
290,https://res.cloudinary.com/your-highness/image/upload/v1618504193/flajaztsdfd0jct8bwaq.jpg,251,sick,cow,364925872231,Gahhffd,heifer,2021-04-11 16:25:49+00,godavari,258,2021-04-15 16:29:53.835+00,2021-04-16 08:59:42.668+00
260,https://res.cloudinary.com/your-highness/image/upload/v1616746519/pmmgyucwgulr0cuhxtlg.jpg,211,healthy,cow,"",Nandini,calf,1987-03-26 08:11:57+00,godavari,500,2021-03-26 08:15:20.158+00,2021-03-26 08:15:20.159+00
261,https://res.cloudinary.com/your-highness/image/upload/v1616746540/qoymjxvyuyetcixnqyvk.jpg,211,healthy,cow,"",Nandini,calf,1987-03-26 08:11:57+00,godavari,500,2021-03-26 08:15:41.632+00,2021-03-26 08:15:41.632+00
262,https://res.cloudinary.com/your-highness/image/upload/v1616779531/hawtrmfdtcj0qu1ycj7k.jpg,214,healthy,cow,"",Ramu,calf,2019-03-26 17:24:50+00,godavari,430,2021-03-26 17:25:31.506+00,2021-03-26 17:25:31.507+00
263,https://res.cloudinary.com/your-highness/image/upload/v1616781336/alsyr4kuuvkbbwbcqexh.jpg,215,healthy,cow,984555445554,Ramu,calf,2019-03-06 17:55:02+00,godavari,430,2021-03-26 17:55:36.762+00,2021-03-26 17:55:54.133+00
264,https://res.cloudinary.com/your-highness/image/upload/v1616783643/mstawaqpvgdexqqwtukj.jpg,218,healthy,cow,657348546265,Ramu,calf,2019-03-13 18:33:29+00,godavari,420,2021-03-26 18:34:03.73+00,2021-03-26 18:34:42.668+00
297,https://res.cloudinary.com/your-highness/image/upload/v1618571062/icyr96sdhaowclypbzqt.jpg,255,healthy,cow,"",Sine,calf,2019-04-18 11:03:51+00,jersey,450,2021-04-16 11:04:22.364+00,2021-04-16 11:04:22.365+00
305,https://res.cloudinary.com/your-highness/image/upload/v1619012526/tlaogaqz5yii6duhnyqc.jpg,274,healthy,cow,"",Xy,calf,2019-04-21 13:37:33+00,godavari,90,2021-04-21 13:42:07.664+00,2021-04-21 13:42:07.665+00
306,https://res.cloudinary.com/your-highness/image/upload/v1619078145/obfmkhola62gesp4uok1.jpg,279,healthy,cow,123456789539,Luna,milking,2019-01-01 07:47:00+00,godavari,100,2021-04-22 07:55:45.883+00,2021-04-22 07:55:45.883+00
307,https://res.cloudinary.com/your-highness/image/upload/v1619168507/dahd85ff9f9ub6ggbft5.jpg,284,healthy,cow,"",Hf,calf,2021-04-18 08:58:10+00,godavari,600,2021-04-23 09:01:47.414+00,2021-04-23 09:01:47.415+00
308,https://res.cloudinary.com/your-highness/image/upload/v1619168599/d9eebgwgpzuvschyvl8i.jpg,284,healthy,cow,"",Hf,calf,2021-04-18 09:01:55+00,godavari,600,2021-04-23 09:03:19.945+00,2021-04-23 09:03:19.945+00
309,https://res.cloudinary.com/your-highness/image/upload/v1619242516/fbivyro4kanvzeevjavt.jpg,289,healthy,cow,123456789123,Bala,calf,2020-04-24 05:33:49+00,godavari,120,2021-04-24 05:35:16.517+00,2021-04-24 05:35:16.518+00
310,https://res.cloudinary.com/your-highness/image/upload/v1619243435/mqt3zj8czeogiwgwborj.jpg,291,healthy,cow,232145638512,Rani,calf,2019-04-24 05:47:49+00,jersey,160,2021-04-24 05:50:35.583+00,2021-04-24 05:50:35.584+00
311,https://res.cloudinary.com/your-highness/image/upload/v1619243456/kpla0v1jphqusjw9losi.jpg,290,healthy,cow,123456789999,Black,calf,2018-04-24 05:43:32+00,godavari,100,2021-04-24 05:50:56.715+00,2021-04-24 05:50:56.716+00
312,https://res.cloudinary.com/your-highness/image/upload/v1619244322/twnrr8alwoj8xieygtzi.jpg,292,healthy,cow,000000482355,Dade,dry,2020-04-30 05:56:44+00,gir,150,2021-04-24 06:05:23.011+00,2021-04-24 06:05:23.012+00
415,https://res.cloudinary.com/your-highness/image/upload/v1619587103/t4uyh6metgue9tkbpeqj.jpg,381,healthy,cow,170042414846,Pottu cow,milking,2017-04-01 05:03:35+00,jersey,250,2021-04-28 05:18:24.714+00,2021-04-28 05:18:24.715+00
314,https://res.cloudinary.com/your-highness/image/upload/v1619261976/kvzdsdfi57kaivhkhu5y.jpg,296,healthy,cow,000000123456,Peda,milking,2018-09-10 10:48:36+00,godavari,200,2021-04-24 10:59:37.141+00,2021-04-24 10:59:37.141+00
315,https://res.cloudinary.com/your-highness/image/upload/v1619262025/m1ahbex6ktlbzjr8hrfn.jpg,297,healthy,cow,000000045635,Red,milking,2019-04-24 10:58:01+00,godavari,180,2021-04-24 11:00:26.025+00,2021-04-24 11:00:26.025+00
891,https://res.cloudinary.com/your-highness/image/upload/v1619680926/qrrqtqe5msphaxeyrfsf.jpg,913,healthy,cow,123456789012,HF 01,milking,2019-04-29 07:27:26+00,godavari,250,2021-04-29 07:22:07.096+00,2021-04-29 07:22:07.098+00
317,https://res.cloudinary.com/your-highness/image/upload/v1619326747/myfj3l8uegxgoz7lotpd.jpg,276,heat,buffalo,"",Tima,calf,2021-04-14 04:56:36+00,godavari,60,2021-04-25 04:59:08.136+00,2021-04-25 04:59:08.136+00
384,https://res.cloudinary.com/your-highness/image/upload/v1619526693/p7zmbfvee88xi22gq9hb.jpg,378,healthy,cow,128000001245,Jersy,calf,2019-02-13 12:27:40+00,jersey,250,2021-04-27 12:31:34.219+00,2021-04-27 12:31:34.219+00
319,https://res.cloudinary.com/your-highness/image/upload/v1619327052/hkushgdueyysl16j8n4c.jpg,276,heat,buffalo,"",Rima,calf,2021-04-05 05:03:30+00,surti,60,2021-04-25 05:04:13.32+00,2021-04-25 05:04:13.32+00
320,https://res.cloudinary.com/your-highness/image/upload/v1619327256/kkebbhaksip2xtfbpjyy.jpg,276,healthy,buffalo,"",Kifa nema,calf,2021-04-07 05:06:26+00,surti,60,2021-04-25 05:07:36.855+00,2021-04-25 05:07:36.856+00
321,https://res.cloudinary.com/your-highness/image/upload/v1619338585/ztgchgayws6qxwkdoyty.jpg,298,healthy,cow,"",Sine,calf,2019-04-25 08:15:41+00,godavari,450,2021-04-25 08:16:26.091+00,2021-04-25 08:16:26.099+00
322,https://res.cloudinary.com/your-highness/image/upload/v1619508295/ox2elkompt50wwou4cyu.jpg,264,healthy,cow,000000245636,Black,milking,2019-04-27 07:23:20+00,godavari,200,2021-04-27 07:24:55.446+00,2021-04-27 07:24:55.446+00
385,https://res.cloudinary.com/your-highness/image/upload/v1619527001/mrld5nfntbwaqu6rejkj.jpg,341,healthy,cow,"",Cow,milking,2018-04-27 12:35:12+00,jersey,500,2021-04-27 12:36:41.615+00,2021-04-27 12:36:41.615+00
387,https://res.cloudinary.com/your-highness/image/upload/v1619528374/pagtarjidyaefajpxkdn.jpg,381,healthy,cow,141125364512,Ramu,calf,2020-12-01 12:58:11+00,godavari,300,2021-04-27 12:59:35.543+00,2021-04-27 12:59:35.543+00
325,https://res.cloudinary.com/your-highness/image/upload/v1619510794/ynve1ghbypnfvi591ca6.jpg,306,healthy,cow,"",Matha,milking,2018-08-05 08:02:12+00,gir,500,2021-04-27 08:06:34.601+00,2021-04-27 08:06:34.601+00
326,https://res.cloudinary.com/your-highness/image/upload/v1619510996/sriazdh6qghex2og7yys.jpg,303,healthy,cow,"",Gangotri,dry,2018-04-15 08:05:23+00,sahiwal,480,2021-04-27 08:09:57.3+00,2021-04-27 08:09:57.301+00
7728,https://res.cloudinary.com/your-highness/image/upload/v1623460306/ykjblnzpvcszvcacprmw.jpg,7582,healthy,cow,123456789123,Jersy,milking,2017-06-12 01:10:01+00,jersey,350,2021-06-12 01:11:47.165+00,2021-06-12 01:11:47.166+00
328,https://res.cloudinary.com/your-highness/image/upload/v1619512992/wht83dhdaesyzxnngqdk.jpg,314,healthy,cow,"",Rani,calf,2019-04-10 08:39:19+00,godavari,350,2021-04-27 08:43:12.724+00,2021-04-27 08:43:12.724+00
389,https://res.cloudinary.com/your-highness/image/upload/v1619528682/fb9tud1smqynbdidbzff.jpg,376,healthy,cow,343683654321,Jersey,milking,2021-04-01 12:53:25+00,jersey,250,2021-04-27 13:04:43.014+00,2021-04-27 13:04:43.016+00
329,https://res.cloudinary.com/your-highness/image/upload/v1619513156/ywv5o46hdxakfmd2g5jz.jpg,312,healthy,cow,370031491113,Jersey,milking,2018-01-02 08:24:33+00,jersey,750,2021-04-27 08:45:57.187+00,2021-04-27 08:48:32.676+00
331,https://res.cloudinary.com/your-highness/image/upload/v1619513629/lkc0dffxc88wybpfvovc.jpg,312,healthy,cow,370031491250,Jersey,milking,2017-01-03 08:48:51+00,jersey,745,2021-04-27 08:53:50.339+00,2021-04-27 08:53:50.34+00
332,https://res.cloudinary.com/your-highness/image/upload/v1619513638/ehyfmyjrvatwdzwg9iuj.jpg,316,healthy,cow,"",Sakri,calf,2019-02-15 08:49:50+00,godavari,400,2021-04-27 08:53:59.176+00,2021-04-27 08:53:59.177+00
334,https://res.cloudinary.com/your-highness/image/upload/v1619513908/y6ejwwll6raqwhpsrxwm.jpg,312,healthy,cow,370031491432,Jersey,milking,2017-02-03 08:56:17+00,jersey,766,2021-04-27 08:58:29.177+00,2021-04-27 08:58:29.178+00
335,https://res.cloudinary.com/your-highness/image/upload/v1619514085/nsengtpcqvx2tqr8kbak.jpg,312,healthy,cow,370031491886,Jersey,milking,2017-02-08 08:58:56+00,jersey,750,2021-04-27 09:01:26.343+00,2021-04-27 09:01:26.343+00
336,https://res.cloudinary.com/your-highness/image/upload/v1619514266/txhhjs03932zbitagsvb.jpg,312,healthy,cow,370031487791,Jersey,dry,2016-04-04 09:01:40+00,jersey,753,2021-04-27 09:04:26.746+00,2021-04-27 09:04:26.746+00
337,https://res.cloudinary.com/your-highness/image/upload/v1619514589/gykduwj7iiawg6kendmv.jpg,324,healthy,buffalo,"",Mohasana,milking,2015-01-14 09:02:05+00,hf - holstein friesian,500,2021-04-27 09:09:50.133+00,2021-04-27 09:09:50.133+00
338,https://res.cloudinary.com/your-highness/image/upload/v1619515350/qoc4d2pyjbqjltnzqsfw.jpg,310,healthy,cow,"",Rani,calf,2016-02-10 09:21:11+00,godavari,350,2021-04-27 09:22:31.188+00,2021-04-27 09:22:31.188+00
339,https://res.cloudinary.com/your-highness/image/upload/v1619515418/kuxjmj714ordnvpjomoz.jpg,334,healthy,cow,"",Rani,calf,2018-05-10 09:22:18+00,godavari,400,2021-04-27 09:23:38.803+00,2021-04-27 09:23:38.804+00
340,https://res.cloudinary.com/your-highness/image/upload/v1619516205/z4pep5dxku3vlaqj2nb8.jpg,330,healthy,cow,"",Rani,heifer,2020-11-07 09:33:51+00,godavari,120,2021-04-27 09:36:45.608+00,2021-04-27 09:36:45.609+00
341,https://res.cloudinary.com/your-highness/image/upload/v1619516307/hjszvjuncshahp5ydnz2.jpg,321,healthy,cow,"",Sine,calf,2019-04-10 09:37:27+00,godavari,450,2021-04-27 09:38:28.215+00,2021-04-27 09:38:28.215+00
342,https://res.cloudinary.com/your-highness/image/upload/v1619516693/cuhqcczi3r2n4xgdfeux.jpg,339,healthy,cow,642657751457,Y sidhareddy,milking,2016-01-10 09:36:23+00,hf - holstein friesian,300,2021-04-27 09:44:53.75+00,2021-04-27 09:44:53.75+00
343,https://res.cloudinary.com/your-highness/image/upload/v1619516864/b7xvzj0iih0uruchx7td.jpg,343,healthy,cow,"",Cow,calf,2015-07-31 09:45:22+00,godavari,450,2021-04-27 09:47:44.291+00,2021-04-27 09:47:44.291+00
345,https://res.cloudinary.com/your-highness/image/upload/v1619516896/xvoqaikuxzklzacnou2c.jpg,319,healthy,cow,288351234562,Jersey,calf,2018-04-27 09:42:59+00,jersey,280,2021-04-27 09:48:17.722+00,2021-04-27 09:48:17.722+00
344,https://res.cloudinary.com/your-highness/image/upload/v1619516868/o3zor8k8lgjb5fyencoj.jpg,328,healthy,buffalo,"",Ganga,milking,2015-04-27 09:39:56+00,godavari,250,2021-04-27 09:47:48.932+00,2021-04-27 09:49:08.442+00
346,https://res.cloudinary.com/your-highness/image/upload/v1619517341/zpqckvazxigljgvd7rlu.jpg,345,healthy,cow,"",Rani,calf,2017-05-04 09:46:48+00,godavari,380,2021-04-27 09:55:42.68+00,2021-04-27 09:55:42.68+00
347,https://res.cloudinary.com/your-highness/image/upload/v1619518462/duq4hdrsd9h2miqidek6.jpg,342,healthy,cow,000000044301,Jersey ,milking,2018-09-01 10:08:55+00,jersey,120,2021-04-27 10:14:23.63+00,2021-04-27 10:14:23.631+00
348,https://res.cloudinary.com/your-highness/image/upload/v1619518867/s01bcqbbk97y8g1nledy.jpg,349,healthy,cow,"",Jersey,calf,2017-04-27 10:19:11+00,godavari,200,2021-04-27 10:21:07.396+00,2021-04-27 10:21:07.396+00
349,https://res.cloudinary.com/your-highness/image/upload/v1619519181/hiw5gzlz7wmcpg9pytmf.jpg,350,healthy,cow,"",Rani,calf,2017-05-10 10:25:36+00,hf - holstein friesian,400,2021-04-27 10:26:22.061+00,2021-04-27 10:26:22.061+00
350,https://res.cloudinary.com/your-highness/image/upload/v1619519337/wszvklrdz65qmbipdayh.jpg,344,healthy,cow,416236416236,Hf,calf,2018-05-07 10:24:39+00,godavari,280,2021-04-27 10:28:57.607+00,2021-04-27 10:28:57.607+00
351,https://res.cloudinary.com/your-highness/image/upload/v1619519380/x6bltx0puqjejwnmxnjs.jpg,352,healthy,cow,000000044301,Jersey,milking,2018-11-01 10:28:16+00,jersey,120,2021-04-27 10:29:40.751+00,2021-04-27 10:29:40.751+00
353,https://res.cloudinary.com/your-highness/image/upload/v1619519950/tcf1fxf28drfilk12998.jpg,301,healthy,cow,125467892698,Jersey,calf,2020-02-06 10:36:58+00,jersey,280,2021-04-27 10:39:11.013+00,2021-04-27 10:39:11.018+00
354,https://res.cloudinary.com/your-highness/image/upload/v1619519983/oxlx3xqgr1utwnharybl.jpg,355,healthy,cow,"",Rani,calf,2017-05-10 10:38:42+00,godavari,400,2021-04-27 10:39:43.247+00,2021-04-27 10:39:43.247+00
4408,https://res.cloudinary.com/your-highness/image/upload/v1621661437/txgizybxer6vkpmm0y2t.jpg,4111,healthy,cow,123456789123,LAKSHMI,dry,2018-05-22 05:27:20+00,jersey,350,2021-05-22 05:30:37.499+00,2021-05-22 05:30:37.5+00
356,https://res.cloudinary.com/your-highness/image/upload/v1619521124/xhvmowxgfb3ogloh0kt3.jpg,312,healthy,cow,102489380707,Jersey,milking,2019-02-06 10:56:06+00,jersey,740,2021-04-27 10:58:45+00,2021-04-27 10:58:45+00
357,https://res.cloudinary.com/your-highness/image/upload/v1619521223/i8m89xymnvos1wq85g4w.jpg,323,healthy,cow,380073145215,Cow,milking,2015-07-02 10:56:12+00,godavari,130,2021-04-27 11:00:24.101+00,2021-04-27 11:00:24.102+00
358,https://res.cloudinary.com/your-highness/image/upload/v1619521240/w0a942vdfb2lqtrjvncg.jpg,312,healthy,cow,370031491022,Jersey,milking,2019-03-03 10:58:53+00,jersey,745,2021-04-27 11:00:41.272+00,2021-04-27 11:00:41.272+00
333,https://res.cloudinary.com/your-highness/image/upload/v1619521607/k19zmjkn9sypzcnn4wdf.jpg,312,healthy,cow,370031487483,Jersey,milking,2017-03-06 08:54:01+00,jersey,755,2021-04-27 08:56:04.892+00,2021-04-27 11:06:48.372+00
386,https://res.cloudinary.com/your-highness/image/upload/v1619528272/f3bcazaetqau2rp6jtia.jpg,308,healthy,cow,829747611812,Jersey,calf,2018-09-20 12:55:05+00,godavari,270,2021-04-27 12:57:52.248+00,2021-04-27 12:57:52.248+00
361,https://res.cloudinary.com/your-highness/image/upload/v1619521664/zx353uis71uzsnxogqad.jpg,359,healthy,cow,160235283222,Jersey,milking,2016-02-17 11:01:29+00,jersey,480,2021-04-27 11:07:44.88+00,2021-04-27 11:07:44.88+00
388,https://res.cloudinary.com/your-highness/image/upload/v1619528447/wnzj9d6kuuhv7rzlevm6.jpg,381,healthy,cow,141122334455,Vadu,calf,2020-12-02 13:00:03+00,godavari,300,2021-04-27 13:00:48.627+00,2021-04-27 13:00:48.628+00
363,https://res.cloudinary.com/your-highness/image/upload/v1619521874/ojbgfua0pgonn6uiulnr.jpg,338,healthy,cow,380054545743,Cow,milking,2015-08-06 11:08:23+00,jersey,143,2021-04-27 11:11:15.28+00,2021-04-27 11:11:15.28+00
364,https://res.cloudinary.com/your-highness/image/upload/v1619522020/xnyqfypcto5xtwigccfu.jpg,338,healthy,cow,380054545721,Jersey cow,heifer,2019-02-14 11:11:48+00,jersey,103,2021-04-27 11:13:40.918+00,2021-04-27 11:13:40.919+00
365,https://res.cloudinary.com/your-highness/image/upload/v1619522112/qjngs2juvzvfevvbjnev.jpg,362,healthy,cow,"",Rani,calf,2016-04-07 11:13:27+00,godavari,400,2021-04-27 11:15:13.066+00,2021-04-27 11:15:13.067+00
366,https://res.cloudinary.com/your-highness/image/upload/v1619522143/ggoz8wjqvtduauilfrmc.jpg,338,healthy,cow,380054545674,Jxo,calf,2017-07-06 11:13:47+00,jersey,130,2021-04-27 11:15:43.913+00,2021-04-27 11:15:43.913+00
367,https://res.cloudinary.com/your-highness/image/upload/v1619522147/bgwoyw7ixqfcwrx5ckag.jpg,325,healthy,cow,552245369878,jersey ,calf,2018-08-10 11:13:59+00,jersey,283,2021-04-27 11:15:48.485+00,2021-04-27 11:15:48.485+00
368,https://res.cloudinary.com/your-highness/image/upload/v1619522171/pll6jrm84hcsdzo1aucz.jpg,346,healthy,cow,380058520551,Cow,milking,2017-05-20 10:57:40+00,jersey,200,2021-04-27 11:16:12.016+00,2021-04-27 11:16:12.017+00
369,https://res.cloudinary.com/your-highness/image/upload/v1619522361/bblkvlcr2iabrvszp3jd.jpg,338,healthy,cow,380073145215,Jersey cow,calf,2014-10-02 11:16:21+00,godavari,140,2021-04-27 11:19:22.631+00,2021-04-27 11:19:22.631+00
370,https://res.cloudinary.com/your-highness/image/upload/v1619522540/cqgeo4xqvevmuuegfd3i.jpg,367,healthy,cow,555286655744,Cow ,calf,2017-04-27 11:20:22+00,jersey,250,2021-04-27 11:22:20.922+00,2021-04-27 11:22:20.922+00
371,https://res.cloudinary.com/your-highness/image/upload/v1619522649/lnlyftkn27l8alppg5bz.jpg,361,healthy,cow,"",Hf,calf,2017-07-01 11:21:32+00,godavari,300,2021-04-27 11:24:09.956+00,2021-04-27 11:24:09.957+00
372,https://res.cloudinary.com/your-highness/image/upload/v1619523257/yhejfckmpyjk7i5r4gim.jpg,356,healthy,cow,252525252525,Bindu,calf,2020-04-27 11:31:39+00,godavari,125,2021-04-27 11:34:18.032+00,2021-04-27 11:34:18.033+00
373,https://res.cloudinary.com/your-highness/image/upload/v1619523458/dkflbbly6yfqoth8eymz.jpg,347,healthy,cow,112233445566,Cow,calf,2019-04-27 11:35:16+00,godavari,180,2021-04-27 11:37:38.746+00,2021-04-27 11:37:38.746+00
374,https://res.cloudinary.com/your-highness/image/upload/v1619523708/cuy7lzzwzadwsnjz9ye5.jpg,366,healthy,cow,174823645895,Jersey ,calf,2015-04-28 11:26:57+00,jersey,120,2021-04-27 11:41:48.367+00,2021-04-27 11:41:48.368+00
375,https://res.cloudinary.com/your-highness/image/upload/v1619523708/qzs1n0golrfovzatdvvu.jpg,365,healthy,cow,123146146123,Cow,calf,2017-11-17 11:38:17+00,godavari,180,2021-04-27 11:41:48.968+00,2021-04-27 11:41:48.969+00
376,https://res.cloudinary.com/your-highness/image/upload/v1619523837/ceql0nxh33ycaclmwcko.jpg,358,healthy,cow,934699638212,Jersey,calf,2018-04-27 11:40:20+00,godavari,270,2021-04-27 11:43:57.81+00,2021-04-27 11:43:57.811+00
377,https://res.cloudinary.com/your-highness/image/upload/v1619523858/k5in4zdblhxk8qxtqsau.jpg,364,healthy,cow,365114245144,Jersey,milking,2016-04-27 11:39:26+00,jersey,600,2021-04-27 11:44:18.679+00,2021-04-27 11:44:18.679+00
892,https://res.cloudinary.com/your-highness/image/upload/v1619681088/pkfcsxbigeu6pjzaeoqs.jpg,912,healthy,cow,"",Jersey,milking,2016-04-01 07:18:26+00,jersey,300,2021-04-29 07:24:49.734+00,2021-04-29 07:24:49.735+00
379,https://res.cloudinary.com/your-highness/image/upload/v1619525252/qeg5lmoximv4zor97ymo.jpg,372,healthy,cow,123456789123,Jersey,calf,2018-06-06 12:03:12+00,jersey,270,2021-04-27 12:07:33.025+00,2021-04-27 12:07:33.025+00
380,https://res.cloudinary.com/your-highness/image/upload/v1619525496/gumwm8e3xq8bw0dyhifm.jpg,375,healthy,cow,170024352554,Laxmi. ,milking,2014-04-16 12:08:55+00,godavari,250,2021-04-27 12:11:37.499+00,2021-04-27 12:11:37.499+00
381,https://res.cloudinary.com/your-highness/image/upload/v1619525698/rwdupcnph5xhq8jlh3zv.jpg,375,healthy,cow,519677730761,Laxmi2,milking,2014-04-26 12:11:51+00,jersey,300,2021-04-27 12:14:58.843+00,2021-04-27 12:14:58.843+00
382,https://res.cloudinary.com/your-highness/image/upload/v1619525753/ssms1x7msqy2oymyvq9z.jpg,374,healthy,cow,120473120473,Cow,milking,2021-04-08 12:11:35+00,jersey,250,2021-04-27 12:15:54.276+00,2021-04-27 12:15:54.277+00
383,https://res.cloudinary.com/your-highness/image/upload/v1619526155/urrxdkhe8uspjkksjnr9.jpg,313,healthy,cow,100000002345,Cow,milking,2021-03-01 12:12:03+00,jersey,150,2021-04-27 12:22:35.516+00,2021-04-27 12:22:35.516+00
390,https://res.cloudinary.com/your-highness/image/upload/v1619528816/j6sjpb1gdlx7jhqszg35.jpg,381,healthy,cow,112233445566,Ramu,calf,2020-04-27 13:06:03+00,godavari,250,2021-04-27 13:06:57.093+00,2021-04-27 13:06:57.094+00
391,https://res.cloudinary.com/your-highness/image/upload/v1619530642/zppyyvp3u27wnobjzm1y.jpg,385,healthy,buffalo,351553645279,Iffoco Tokyo,calf,2011-03-18 13:30:13+00,godavari,500,2021-04-27 13:37:23.495+00,2021-04-27 13:37:23.495+00
399,https://res.cloudinary.com/your-highness/image/upload/v1619552108/wtug5atngpswctx2252f.jpg,406,healthy,cow,"",Thjj,calf,2021-03-31 19:34:09+00,godavari,555,2021-04-27 19:35:09.579+00,2021-04-27 19:35:09.579+00
393,https://res.cloudinary.com/your-highness/image/upload/v1619534291/xlz54c1rou6w0qehcewo.jpg,382,healthy,buffalo,"",Gm,calf,2017-05-17 14:36:43+00,godavari,320,2021-04-27 14:38:12.032+00,2021-04-27 14:38:12.032+00
394,https://res.cloudinary.com/your-highness/image/upload/v1619534612/ommeizu6bzehmay8mwde.jpg,273,healthy,cow,123456789123,Saibabu,calf,2020-12-03 14:39:50+00,godavari,3,2021-04-27 14:43:32.604+00,2021-04-27 14:43:32.605+00
395,https://res.cloudinary.com/your-highness/image/upload/v1619535266/wxjptdn1voug1fakvg5l.jpg,377,healthy,cow,117253652953,Gsnga,dry,2019-04-27 14:49:44+00,jersey,250,2021-04-27 14:54:26.973+00,2021-04-27 14:54:26.973+00
7729,https://res.cloudinary.com/your-highness/image/upload/v1623460537/tlyohugetq7qfa1gg2jo.jpg,7583,healthy,cow,"",Kaveri,milking,2015-06-12 01:13:50+00,other,370,2021-06-12 01:15:37.689+00,2021-06-12 01:15:37.689+00
397,https://res.cloudinary.com/your-highness/image/upload/v1619538613/ydtucc1zldgkqvywtb0a.jpg,398,healthy,cow,"",Gold milk,calf,2021-04-26 15:46:33+00,jersey,60,2021-04-27 15:50:13.855+00,2021-04-27 15:50:13.855+00
401,https://res.cloudinary.com/your-highness/image/upload/v1619576601/jhcpzkidrholzsueyvsr.jpg,410,healthy,cow,"",Hf,calf,2021-04-02 02:21:52+00,godavari,600,2021-04-28 02:23:21.75+00,2021-04-28 02:23:21.751+00
402,https://res.cloudinary.com/your-highness/image/upload/v1619576653/f6d3qpubmwoqdilhvr8y.jpg,410,healthy,cow,"",Hf,calf,2021-04-02 02:23:25+00,godavari,600,2021-04-28 02:24:13.982+00,2021-04-28 02:24:13.982+00
404,https://res.cloudinary.com/your-highness/image/upload/v1619577458/cj0giojmwqw6laa1sjon.jpg,412,healthy,cow,123456789123,Jarrsey,calf,1976-10-12 02:30:23+00,godavari,250,2021-04-28 02:37:39.328+00,2021-04-28 02:37:39.329+00
405,https://res.cloudinary.com/your-highness/image/upload/v1619577710/d95pgrt7dsfdw401hfci.jpg,411,healthy,cow,987654321012,Jersey ,calf,2018-11-08 02:39:25+00,jersey,300,2021-04-28 02:41:50.991+00,2021-04-28 02:41:50.991+00
2613,https://res.cloudinary.com/your-highness/image/upload/v1619946050/jrzpli6ebc4ffs9bkxl3.jpg,2435,healthy,cow,103297574134,103297574134,milking,2017-05-02 08:57:19+00,hf - holstein friesian,695,2021-05-02 09:00:51.089+00,2021-05-02 09:00:51.089+00
406,https://res.cloudinary.com/your-highness/image/upload/v1619579606/nqhpzycfchl0sb7ea8zo.jpg,390,healthy,cow,984828693612,Hf,milking,2019-12-31 03:00:29+00,godavari,300,2021-04-28 03:13:27.131+00,2021-04-28 03:13:27.132+00
407,https://res.cloudinary.com/your-highness/image/upload/v1619579989/zvmmvth7hfi6rvi5xc86.jpg,332,healthy,buffalo,000000000123,Ganga,milking,2018-04-02 03:17:16+00,godavari,285,2021-04-28 03:19:50.289+00,2021-04-28 03:19:50.29+00
408,https://res.cloudinary.com/your-highness/image/upload/v1619580584/iw97zlt4vh9udhxtefkl.jpg,416,sick,cow,252525252525,ᕼEEᖇᗩ,calf,2019-05-08 03:28:03+00,godavari,220,2021-04-28 03:29:44.566+00,2021-04-28 03:29:44.567+00
409,https://res.cloudinary.com/your-highness/image/upload/v1619580677/hn4oecynmhmtd6dcfasg.jpg,288,healthy,buffalo,123456285410,MURRAH,milking,2018-04-30 03:31:34+00,godavari,400,2021-04-28 03:31:17.874+00,2021-04-28 03:31:17.875+00
410,https://res.cloudinary.com/your-highness/image/upload/v1619581585/luyjlejrx0znnysixs2u.jpg,419,healthy,cow,"",R1,calf,2016-04-28 03:45:05+00,godavari,350,2021-04-28 03:46:25.718+00,2021-04-28 03:46:25.718+00
411,https://res.cloudinary.com/your-highness/image/upload/v1619585220/mjlzqvdofsv8imt7vfup.jpg,268,healthy,cow,111111111111,Jersey ,heifer,2020-01-01 04:42:09+00,jersey,390,2021-04-28 04:47:01.079+00,2021-04-28 04:47:01.081+00
412,https://res.cloudinary.com/your-highness/image/upload/v1619585286/n1utu7cj1mqmf404yqm0.jpg,425,heat,cow,"",Hf,calf,2017-12-20 04:36:47+00,godavari,150,2021-04-28 04:48:07.098+00,2021-04-28 04:48:07.098+00
413,https://res.cloudinary.com/your-highness/image/upload/v1619585437/yyq4ymvsh9onqh0tjbqx.jpg,268,healthy,cow,123456789111,Jersey ,heifer,2019-01-01 04:47:33+00,jersey,390,2021-04-28 04:50:37.469+00,2021-04-28 04:50:37.469+00
7730,https://res.cloudinary.com/your-highness/image/upload/v1623460560/s4fs1fmy0owqsbyacm7b.jpg,7585,healthy,cow,170052489261,Hf,milking,2012-04-19 01:14:09+00,ongole,580,2021-06-12 01:16:01.054+00,2021-06-12 01:16:01.055+00
416,https://res.cloudinary.com/your-highness/image/upload/v1619587979/jbwq1qrcqt0augthdmy8.jpg,433,healthy,cow,781242816835,Hf,calf,2017-04-28 05:28:08+00,godavari,300,2021-04-28 05:32:59.317+00,2021-04-28 05:32:59.317+00
417,https://res.cloudinary.com/your-highness/image/upload/v1619588410/bjiaglavs9a8xostrkzo.jpg,437,healthy,cow,112233445566,Potti cow,milking,2017-04-28 05:36:43+00,jersey,250,2021-04-28 05:40:11.374+00,2021-04-28 05:40:11.375+00
418,https://res.cloudinary.com/your-highness/image/upload/v1619588934/nez5hzuhgzvh5puguama.jpg,440,healthy,buffalo,"",Pedda geda,milking,2017-04-28 05:46:56+00,godavari,500,2021-04-28 05:48:55.055+00,2021-04-28 05:48:55.055+00
419,https://res.cloudinary.com/your-highness/image/upload/v1619589057/gpkn2uvsmmv1fjuetdlr.jpg,394,healthy,buffalo,252525262728,Lakshmi,calf,2017-04-01 05:49:48+00,godavari,300,2021-04-28 05:50:57.636+00,2021-04-28 05:50:57.636+00
4409,https://res.cloudinary.com/your-highness/image/upload/v1621661448/griez3d1eanaderxktfk.jpg,4113,healthy,cow,111111111111,Ganga ,milking,2018-05-22 05:29:05+00,godavari,450,2021-05-22 05:30:49.492+00,2021-05-22 05:30:49.493+00
422,https://res.cloudinary.com/your-highness/image/upload/v1619589564/jl1kq11gv0bjrcktycd3.jpg,441,healthy,buffalo,"",Lakshmi,milking,2017-11-02 05:56:15+00,godavari,185,2021-04-28 05:59:24.745+00,2021-04-28 05:59:24.746+00
423,https://res.cloudinary.com/your-highness/image/upload/v1619589705/j3fapgzbfurw3r8po4rp.jpg,424,healthy,buffalo,123456789123,geetha,calf,2017-10-25 05:56:31+00,murrah,250,2021-04-28 06:01:45.875+00,2021-04-28 06:01:45.876+00
424,https://res.cloudinary.com/your-highness/image/upload/v1619589740/h6s4qzjstktmwbmy5tne.jpg,435,healthy,buffalo,"",Ganga,milking,2020-04-28 05:57:10+00,hf - holstein friesian,400,2021-04-28 06:02:20.603+00,2021-04-28 06:02:20.603+00
425,https://res.cloudinary.com/your-highness/image/upload/v1619589885/qfgqx1rcugklbohwdken.jpg,426,healthy,cow,"",Hf,milking,2016-10-12 05:54:25+00,hf - holstein friesian,350,2021-04-28 06:04:45.906+00,2021-04-28 06:04:45.906+00
429,https://res.cloudinary.com/your-highness/image/upload/v1619590760/rodi777xynohfzhdwtky.jpg,449,healthy,cow,123456789011,Hf,dry,2015-05-20 06:14:34+00,hf - holstein friesian,300,2021-04-28 06:19:20.897+00,2021-04-28 06:19:20.898+00
427,https://res.cloudinary.com/your-highness/image/upload/v1619590047/ye8rynse4vkgetput6jv.jpg,335,healthy,cow,565656589866,Ganga,calf,2018-04-28 06:06:19+00,godavari,400,2021-04-28 06:07:27.714+00,2021-04-28 06:07:27.715+00
428,https://res.cloudinary.com/your-highness/image/upload/v1619590510/sgljovaw9pgrwuhytri0.jpg,445,healthy,cow,"",మహా kali,milking,2013-04-28 06:11:11+00,godavari,450,2021-04-28 06:15:11.551+00,2021-04-28 06:15:11.551+00
431,https://res.cloudinary.com/your-highness/image/upload/v1619590886/rtsyn0dy9xj0pdvtexrm.jpg,447,healthy,buffalo,333163336947,Gm,milking,2017-08-06 06:11:08+00,hf - holstein friesian,460,2021-04-28 06:21:27.195+00,2021-04-28 06:21:27.195+00
430,https://res.cloudinary.com/your-highness/image/upload/v1619590983/wnxw6nyflibct0rm7wb5.jpg,450,healthy,buffalo,"",Gm,calf,2018-07-18 06:19:02+00,godavari,355,2021-04-28 06:21:19.128+00,2021-04-28 06:23:04.058+00
432,https://res.cloudinary.com/your-highness/image/upload/v1619591026/bc4q9x1ogkwtylfp6vse.jpg,453,healthy,buffalo,"",Gang,calf,2017-10-20 06:21:23+00,godavari,170,2021-04-28 06:23:47.692+00,2021-04-28 06:23:47.693+00
4449,https://res.cloudinary.com/your-highness/image/upload/v1621686421/neye0ziye2dzyksmkpvt.jpg,4152,healthy,buffalo,000000033700,Buffalo,milking,2015-09-11 12:24:04+00,godavari,680,2021-05-22 12:27:02.045+00,2021-05-22 12:27:02.045+00
434,https://res.cloudinary.com/your-highness/image/upload/v1619592686/ciign3lzomieyk9ozi9k.jpg,438,healthy,buffalo,"",Seetha,milking,2016-03-17 06:44:54+00,godavari,285,2021-04-28 06:51:26.412+00,2021-04-28 06:51:26.413+00
435,https://res.cloudinary.com/your-highness/image/upload/v1619592779/dhoofzzwne66qynuz2ty.jpg,462,healthy,cow,000000523663,Seetha,calf,2017-04-28 06:48:37+00,other,500,2021-04-28 06:52:59.658+00,2021-04-28 06:52:59.658+00
436,https://res.cloudinary.com/your-highness/image/upload/v1619592990/rhom1oud59f9senrjuv1.jpg,462,healthy,cow,000000123253,Geeta,calf,2015-04-28 06:53:24+00,jersey,450,2021-04-28 06:56:31.326+00,2021-04-28 06:56:40.129+00
437,https://res.cloudinary.com/your-highness/image/upload/v1619593274/nxq0rzzm4jcjivcr4lhs.jpg,456,healthy,cow,000000416241,Jersey,dry,2018-11-12 06:51:28+00,jersey,220,2021-04-28 07:01:14.451+00,2021-04-28 07:01:14.451+00
438,https://res.cloudinary.com/your-highness/image/upload/v1619593580/kxznktbjjygioqwr96di.jpg,305,healthy,buffalo,124567895212,Ganga,calf,2018-10-01 07:03:40+00,godavari,400,2021-04-28 07:06:20.875+00,2021-04-28 07:06:20.876+00
439,https://res.cloudinary.com/your-highness/image/upload/v1619593717/rnbkq2utinkk70hgjwwg.jpg,452,healthy,buffalo,100005566993,Laxmi,calf,2015-04-28 07:05:54+00,godavari,600,2021-04-28 07:08:37.542+00,2021-04-28 07:08:37.542+00
440,https://res.cloudinary.com/your-highness/image/upload/v1619594449/vq64g5izsxtrkehyto6q.jpg,442,healthy,buffalo,"",Lakhmi,calf,2016-04-28 07:19:42+00,hf - holstein friesian,450,2021-04-28 07:20:49.726+00,2021-04-28 07:20:49.727+00
441,https://res.cloudinary.com/your-highness/image/upload/v1619594626/lm88iafltpfbt05edvi6.jpg,473,healthy,buffalo,"",GBM,milking,2017-02-08 07:16:23+00,godavari,200,2021-04-28 07:23:46.545+00,2021-04-28 07:23:46.545+00
442,https://res.cloudinary.com/your-highness/image/upload/v1619594688/cmburkorcwyx51eilpyw.jpg,481,healthy,cow,"",Ob,milking,2017-04-28 07:19:17+00,ongole,250,2021-04-28 07:24:48.544+00,2021-04-28 07:24:48.545+00
443,https://res.cloudinary.com/your-highness/image/upload/v1619594794/ihdlacwh16ww6zkjcowe.jpg,467,healthy,buffalo,123456789123,Murra,milking,2017-04-28 07:22:38+00,godavari,500,2021-04-28 07:26:35.117+00,2021-04-28 07:26:35.118+00
444,https://res.cloudinary.com/your-highness/image/upload/v1619594834/achcqkt8ctimtk0lafwb.jpg,380,healthy,buffalo,333366668532,Kavya,milking,2018-04-28 07:24:56+00,godavari,600,2021-04-28 07:27:15.014+00,2021-04-28 07:27:15.015+00
445,https://res.cloudinary.com/your-highness/image/upload/v1619594934/r3v5zedbhxgoei3er2fo.jpg,480,healthy,buffalo,"",Murra,milking,2017-04-28 07:10:32+00,godavari,250,2021-04-28 07:28:55.084+00,2021-04-28 07:28:55.084+00
446,https://res.cloudinary.com/your-highness/image/upload/v1619595236/wli5v6vofop4swjw77dz.jpg,458,healthy,buffalo,380061739331,Ganga,heifer,2017-04-28 07:22:19+00,godavari,280,2021-04-28 07:33:57.091+00,2021-04-28 07:33:57.091+00
447,https://res.cloudinary.com/your-highness/image/upload/v1619595362/trs6odebsdm71yr6swgj.jpg,483,healthy,cow,"",Hf,milking,2016-09-16 07:25:44+00,ongole,250,2021-04-28 07:36:03.273+00,2021-04-28 07:36:03.273+00
448,https://res.cloudinary.com/your-highness/image/upload/v1619595639/ttwdj4rrr5a1kebpvscj.jpg,487,healthy,buffalo,"",Seeta,calf,2016-02-09 07:39:29+00,other,321,2021-04-28 07:40:39.888+00,2021-04-28 07:40:39.889+00
449,https://res.cloudinary.com/your-highness/image/upload/v1619595750/ic4fixoukkrbmlh7zez8.jpg,485,sick,cow,123456789101,Jerse,milking,2018-09-13 07:37:35+00,jersey,450,2021-04-28 07:42:30.71+00,2021-04-28 07:42:30.711+00
450,https://res.cloudinary.com/your-highness/image/upload/v1619596298/nwno1c40ons9woreq8di.jpg,484,healthy,cow,"",Hf,milking,2019-04-01 07:44:50+00,godavari,200,2021-04-28 07:51:39.106+00,2021-04-28 07:52:03.716+00
421,https://res.cloudinary.com/your-highness/image/upload/v1619589495/d0vhyclhmummubucdvpb.jpg,439,healthy,buffalo,"",Baf1,dry,2017-03-10 05:47:21+00,murrah,400,2021-04-28 05:58:16.173+00,2021-05-03 06:33:39.922+00
451,https://res.cloudinary.com/your-highness/image/upload/v1619596440/xqobcpujz6xawricsl0u.jpg,489,healthy,buffalo,"",Laxmi,dry,2019-04-28 07:51:42+00,godavari,250,2021-04-28 07:54:00.911+00,2021-04-28 07:54:00.912+00
452,https://res.cloudinary.com/your-highness/image/upload/v1619596572/zhcimooxdunydyt2abzl.jpg,477,healthy,buffalo,525553246662,Santhi,milking,2016-04-02 07:54:02+00,godavari,580,2021-04-28 07:56:12.293+00,2021-04-28 07:56:12.293+00
453,https://res.cloudinary.com/your-highness/image/upload/v1619596756/wcqt7guyxr6jldtezqw9.jpg,490,healthy,buffalo,"",Gbm,milking,2016-06-10 07:55:45+00,godavari,250,2021-04-28 07:59:16.494+00,2021-04-28 07:59:16.495+00
454,https://res.cloudinary.com/your-highness/image/upload/v1619597439/joz2y97s9tlcgkagyofq.jpg,491,healthy,buffalo,"",Gm,milking,2016-04-28 08:08:20+00,godavari,220,2021-04-28 08:10:40.109+00,2021-04-28 08:10:40.109+00
456,https://res.cloudinary.com/your-highness/image/upload/v1619597697/u6zbbux3fklflhzzyv5s.jpg,492,healthy,cow,"",Hf,milking,2019-04-10 08:08:54+00,godavari,250,2021-04-28 08:14:57.653+00,2021-04-28 08:14:57.653+00
455,https://res.cloudinary.com/your-highness/image/upload/v1619597474/gfu5kknuebefah9qulgl.jpg,494,healthy,cow,"",Jersey,milking,2015-04-28 08:08:55+00,jersey,250,2021-04-28 08:11:15.573+00,2021-04-28 08:17:24.864+00
2614,https://res.cloudinary.com/your-highness/image/upload/v1619949771/yyezos3ncfbkjkjsmdxu.jpg,2436,healthy,buffalo,123456789123,Kavitha,milking,2015-05-01 09:59:56+00,godavari,250,2021-05-02 10:02:51.441+00,2021-05-02 10:02:51.442+00
460,https://res.cloudinary.com/your-highness/image/upload/v1619598753/nqjk0uoypcizhdl30fkz.jpg,497,healthy,cow,123456789012,Jesery,dry,2018-07-11 08:28:27+00,jersey,500,2021-04-28 08:32:34.066+00,2021-04-28 08:32:34.067+00
